Date Time, Water Temperature, X, N, R 
2018-06-12 00:00,28.9,0,0,0
2018-06-12 00:06,28.9,0,0,0
2018-06-12 00:12,28.9,0,0,0
2018-06-12 00:18,28.9,0,0,0
2018-06-12 00:24,28.9,0,0,0
2018-06-12 00:30,28.9,0,0,0
2018-06-12 00:36,28.9,0,0,0
2018-06-12 00:42,28.9,0,0,0
2018-06-12 00:48,28.9,0,0,0
2018-06-12 00:54,28.9,0,0,0
2018-06-12 01:00,28.9,0,0,0
2018-06-12 01:06,29.0,0,0,0
2018-06-12 01:12,29.0,0,0,0
2018-06-12 01:18,29.0,0,0,0
2018-06-12 01:24,29.0,0,0,0
2018-06-12 01:30,29.0,0,0,0
2018-06-12 01:36,29.0,0,0,0
2018-06-12 01:42,29.0,0,0,0
2018-06-12 01:48,29.0,0,0,0
2018-06-12 01:54,29.0,0,0,0
2018-06-12 02:00,29.0,0,0,0
2018-06-12 02:06,29.0,0,0,0
2018-06-12 02:12,29.0,0,0,0
2018-06-12 02:18,29.0,0,0,0
2018-06-12 02:24,29.0,0,0,0
2018-06-12 02:30,29.0,0,0,0
2018-06-12 02:36,29.0,0,0,0
2018-06-12 02:42,29.0,0,0,0
2018-06-12 02:48,29.1,0,0,0
2018-06-12 02:54,29.1,0,0,0
2018-06-12 03:00,29.1,0,0,0
2018-06-12 03:06,29.1,0,0,0
2018-06-12 03:12,29.1,0,0,0
2018-06-12 03:18,29.1,0,0,0
2018-06-12 03:24,29.1,0,0,0
2018-06-12 03:30,29.0,0,0,0
2018-06-12 03:36,29.1,0,0,0
2018-06-12 03:42,29.1,0,0,0
2018-06-12 03:48,29.1,0,0,0
2018-06-12 03:54,29.1,0,0,0
2018-06-12 04:00,29.1,0,0,0
2018-06-12 04:06,29.1,0,0,0
2018-06-12 04:12,29.1,0,0,0
2018-06-12 04:18,29.1,0,0,0
2018-06-12 04:24,29.1,0,0,0
2018-06-12 04:30,29.1,0,0,0
2018-06-12 04:36,29.1,0,0,0
2018-06-12 04:42,29.1,0,0,0
2018-06-12 04:48,29.1,0,0,0
2018-06-12 04:54,29.1,0,0,0
2018-06-12 05:00,29.1,0,0,0
2018-06-12 05:06,29.1,0,0,0
2018-06-12 05:12,29.1,0,0,0
2018-06-12 05:18,29.1,0,0,0
2018-06-12 05:24,29.1,0,0,0
2018-06-12 05:30,29.1,0,0,0
2018-06-12 05:36,29.1,0,0,0
2018-06-12 05:42,29.1,0,0,0
2018-06-12 05:48,29.1,0,0,0
2018-06-12 05:54,29.1,0,0,0
2018-06-12 06:00,29.1,0,0,0
2018-06-12 06:06,29.1,0,0,0
2018-06-12 06:12,29.1,0,0,0
2018-06-12 06:18,29.1,0,0,0
2018-06-12 06:24,29.1,0,0,0
2018-06-12 06:30,29.1,0,0,0
2018-06-12 06:36,29.1,0,0,0
2018-06-12 06:42,29.1,0,0,0
2018-06-12 06:48,29.1,0,0,0
2018-06-12 06:54,29.1,0,0,0
2018-06-12 07:00,29.1,0,0,0
2018-06-12 07:06,29.0,0,0,0
2018-06-12 07:12,29.0,0,0,0
2018-06-12 07:18,29.0,0,0,0
2018-06-12 07:24,29.0,0,0,0
2018-06-12 07:30,29.0,0,0,0
2018-06-12 07:36,29.0,0,0,0
2018-06-12 07:42,29.0,0,0,0
2018-06-12 07:48,29.0,0,0,0
2018-06-12 07:54,28.9,0,0,0
2018-06-12 08:00,28.9,0,0,0
2018-06-12 08:06,28.9,0,0,0
2018-06-12 08:12,28.9,0,0,0
2018-06-12 08:18,28.9,0,0,0
2018-06-12 08:24,28.9,0,0,0
2018-06-12 08:30,28.9,0,0,0
2018-06-12 08:36,28.9,0,0,0
2018-06-12 08:42,28.9,0,0,0
2018-06-12 08:48,28.9,0,0,0
2018-06-12 08:54,28.9,0,0,0
2018-06-12 09:00,28.8,0,0,0
2018-06-12 09:06,28.8,0,0,0
2018-06-12 09:12,28.8,0,0,0
2018-06-12 09:18,28.8,0,0,0
2018-06-12 09:24,28.8,0,0,0
2018-06-12 09:30,28.8,0,0,0
2018-06-12 09:36,28.8,0,0,0
2018-06-12 09:42,28.8,0,0,0
2018-06-12 09:48,28.8,0,0,0
2018-06-12 09:54,28.8,0,0,0
2018-06-12 10:00,28.7,0,0,0
2018-06-12 10:06,28.7,0,0,0
2018-06-12 10:12,28.7,0,0,0
2018-06-12 10:18,28.7,0,0,0
2018-06-12 10:24,28.7,0,0,0
2018-06-12 10:30,28.7,0,0,0
2018-06-12 10:36,28.7,0,0,0
2018-06-12 10:42,28.7,0,0,0
2018-06-12 10:48,28.7,0,0,0
2018-06-12 10:54,28.6,0,0,0
2018-06-12 11:00,28.6,0,0,0
2018-06-12 11:06,28.6,0,0,0
2018-06-12 11:12,28.6,0,0,0
2018-06-12 11:18,28.6,0,0,0
2018-06-12 11:24,28.6,0,0,0
2018-06-12 11:30,28.6,0,0,0
2018-06-12 11:36,28.6,0,0,0
2018-06-12 11:42,28.6,0,0,0
2018-06-12 11:48,28.6,0,0,0
2018-06-12 11:54,28.6,0,0,0
2018-06-12 12:00,28.6,0,0,0
2018-06-12 12:06,28.6,0,0,0
2018-06-12 12:12,28.6,0,0,0
2018-06-12 12:18,28.6,0,0,0
2018-06-12 12:24,28.6,0,0,0
2018-06-12 12:30,28.6,0,0,0
2018-06-12 12:36,28.6,0,0,0
2018-06-12 12:42,28.6,0,0,0
2018-06-12 12:48,28.6,0,0,0
2018-06-12 12:54,28.6,0,0,0
2018-06-12 13:00,28.6,0,0,0
2018-06-12 13:06,28.6,0,0,0
2018-06-12 13:12,28.6,0,0,0
2018-06-12 13:18,28.6,0,0,0
2018-06-12 13:24,28.7,0,0,0
2018-06-12 13:30,28.7,0,0,0
2018-06-12 13:36,28.7,0,0,0
2018-06-12 13:42,28.7,0,0,0
2018-06-12 13:48,28.7,0,0,0
2018-06-12 13:54,28.7,0,0,0
2018-06-12 14:00,28.7,0,0,0
2018-06-12 14:06,28.7,0,0,0
2018-06-12 14:12,28.7,0,0,0
2018-06-12 14:18,28.7,0,0,0
2018-06-12 14:24,28.7,0,0,0
2018-06-12 14:30,28.7,0,0,0
2018-06-12 14:36,28.7,0,0,0
2018-06-12 14:42,28.7,0,0,0
2018-06-12 14:48,28.7,0,0,0
2018-06-12 14:54,28.7,0,0,0
2018-06-12 15:00,28.7,0,0,0
2018-06-12 15:06,28.7,0,0,0
2018-06-12 15:12,28.7,0,0,0
2018-06-12 15:18,28.7,0,0,0
2018-06-12 15:24,28.7,0,0,0
2018-06-12 15:30,28.7,0,0,0
2018-06-12 15:36,28.7,0,0,0
2018-06-12 15:42,28.7,0,0,0
2018-06-12 15:48,28.8,0,0,0
2018-06-12 15:54,28.8,0,0,0
2018-06-12 16:00,28.8,0,0,0
2018-06-12 16:06,28.8,0,0,0
2018-06-12 16:12,28.8,0,0,0
2018-06-12 16:18,28.8,0,0,0
2018-06-12 16:24,28.8,0,0,0
2018-06-12 16:30,28.8,0,0,0
2018-06-12 16:36,28.8,0,0,0
2018-06-12 16:42,28.8,0,0,0
2018-06-12 16:48,28.8,0,0,0
2018-06-12 16:54,28.9,0,0,0
2018-06-12 17:00,28.9,0,0,0
2018-06-12 17:06,28.9,0,0,0
2018-06-12 17:12,28.9,0,0,0
2018-06-12 17:18,28.9,0,0,0
2018-06-12 17:24,28.9,0,0,0
2018-06-12 17:30,28.9,0,0,0
2018-06-12 17:36,29.0,0,0,0
2018-06-12 17:42,29.0,0,0,0
2018-06-12 17:48,29.0,0,0,0
2018-06-12 17:54,29.0,0,0,0
2018-06-12 18:00,29.0,0,0,0
2018-06-12 18:06,29.0,0,0,0
2018-06-12 18:12,29.0,0,0,0
2018-06-12 18:18,29.0,0,0,0
2018-06-12 18:24,29.0,0,0,0
2018-06-12 18:30,29.1,0,0,0
2018-06-12 18:36,29.1,0,0,0
2018-06-12 18:42,29.1,0,0,0
2018-06-12 18:48,29.2,0,0,0
2018-06-12 18:54,29.2,0,0,0
2018-06-12 19:00,29.2,0,0,0
2018-06-12 19:06,29.2,0,0,0
2018-06-12 19:12,29.2,0,0,0
2018-06-12 19:18,29.2,0,0,0
2018-06-12 19:24,29.2,0,0,0
2018-06-12 19:30,29.2,0,0,0
2018-06-12 19:36,29.2,0,0,0
2018-06-12 19:42,29.2,0,0,0
2018-06-12 19:48,29.2,0,0,0
2018-06-12 19:54,29.2,0,0,0
2018-06-12 20:00,29.2,0,0,0
2018-06-12 20:06,29.3,0,0,0
2018-06-12 20:12,29.3,0,0,0
2018-06-12 20:18,29.3,0,0,0
2018-06-12 20:24,29.3,0,0,0
2018-06-12 20:30,29.3,0,0,0
2018-06-12 20:36,29.3,0,0,0
2018-06-12 20:42,29.3,0,0,0
2018-06-12 20:48,29.3,0,0,0
2018-06-12 20:54,29.3,0,0,0
2018-06-12 21:00,29.3,0,0,0
2018-06-12 21:06,29.4,0,0,0
2018-06-12 21:12,29.4,0,0,0
2018-06-12 21:18,29.4,0,0,0
2018-06-12 21:24,29.4,0,0,0
2018-06-12 21:30,29.4,0,0,0
2018-06-12 21:36,29.4,0,0,0
2018-06-12 21:42,29.5,0,0,0
2018-06-12 21:48,29.5,0,0,0
2018-06-12 21:54,29.4,0,0,0
2018-06-12 22:00,29.4,0,0,0
2018-06-12 22:06,29.4,0,0,0
2018-06-12 22:12,29.4,0,0,0
2018-06-12 22:18,29.4,0,0,0
2018-06-12 22:24,29.4,0,0,0
2018-06-12 22:30,29.4,0,0,0
2018-06-12 22:36,29.4,0,0,0
2018-06-12 22:42,29.4,0,0,0
2018-06-12 22:48,29.4,0,0,0
2018-06-12 22:54,29.4,0,0,0
2018-06-12 23:00,29.4,0,0,0
2018-06-12 23:06,29.4,0,0,0
2018-06-12 23:12,29.4,0,0,0
2018-06-12 23:18,29.4,0,0,0
2018-06-12 23:24,29.4,0,0,0
2018-06-12 23:30,29.4,0,0,0
2018-06-12 23:36,29.4,0,0,0
2018-06-12 23:42,29.4,0,0,0
2018-06-12 23:48,29.4,0,0,0
2018-06-12 23:54,29.3,0,0,0
2018-06-13 00:00,29.3,0,0,0
2018-06-13 00:06,29.3,0,0,0
2018-06-13 00:12,29.3,0,0,0
2018-06-13 00:18,29.2,0,0,0
2018-06-13 00:24,29.2,0,0,0
2018-06-13 00:30,29.2,0,0,0
2018-06-13 00:36,29.1,0,0,0
2018-06-13 00:42,29.1,0,0,0
2018-06-13 00:48,29.1,0,0,0
2018-06-13 00:54,29.1,0,0,0
2018-06-13 01:00,29.0,0,0,0
2018-06-13 01:06,29.0,0,0,0
2018-06-13 01:12,29.0,0,0,0
2018-06-13 01:18,29.0,0,0,0
2018-06-13 01:24,29.0,0,0,0
2018-06-13 01:30,29.0,0,0,0
2018-06-13 01:36,29.0,0,0,0
2018-06-13 01:42,28.9,0,0,0
2018-06-13 01:48,28.9,0,0,0
2018-06-13 01:54,29.0,0,0,0
2018-06-13 02:00,29.0,0,0,0
2018-06-13 02:06,29.1,0,0,0
2018-06-13 02:12,29.1,0,0,0
2018-06-13 02:18,29.1,0,0,0
2018-06-13 02:24,29.1,0,0,0
2018-06-13 02:30,29.1,0,0,0
2018-06-13 02:36,29.1,0,0,0
2018-06-13 02:42,29.1,0,0,0
2018-06-13 02:48,29.1,0,0,0
2018-06-13 02:54,29.1,0,0,0
2018-06-13 03:00,29.1,0,0,0
2018-06-13 03:06,29.1,0,0,0
2018-06-13 03:12,29.1,0,0,0
2018-06-13 03:18,29.2,0,0,0
2018-06-13 03:24,29.2,0,0,0
2018-06-13 03:30,29.2,0,0,0
2018-06-13 03:36,29.2,0,0,0
2018-06-13 03:42,29.2,0,0,0
2018-06-13 03:48,29.2,0,0,0
2018-06-13 03:54,29.2,0,0,0
2018-06-13 04:00,29.2,0,0,0
2018-06-13 04:06,29.2,0,0,0
2018-06-13 04:12,29.2,0,0,0
2018-06-13 04:18,29.2,0,0,0
2018-06-13 04:24,29.2,0,0,0
2018-06-13 04:30,29.2,0,0,0
2018-06-13 04:36,29.2,0,0,0
2018-06-13 04:42,29.2,0,0,0
2018-06-13 04:48,29.2,0,0,0
2018-06-13 04:54,29.2,0,0,0
2018-06-13 05:00,29.2,0,0,0
2018-06-13 05:06,29.2,0,0,0
2018-06-13 05:12,29.2,0,0,0
2018-06-13 05:18,29.2,0,0,0
2018-06-13 05:24,29.2,0,0,0
2018-06-13 05:30,29.2,0,0,0
2018-06-13 05:36,29.2,0,0,0
2018-06-13 05:42,29.2,0,0,0
2018-06-13 05:48,29.2,0,0,0
2018-06-13 05:54,29.2,0,0,0
2018-06-13 06:00,29.2,0,0,0
2018-06-13 06:06,29.2,0,0,0
2018-06-13 06:12,29.2,0,0,0
2018-06-13 06:18,29.2,0,0,0
2018-06-13 06:24,29.2,0,0,0
2018-06-13 06:30,29.2,0,0,0
2018-06-13 06:36,29.2,0,0,0
2018-06-13 06:42,29.2,0,0,0
2018-06-13 06:48,29.2,0,0,0
2018-06-13 06:54,29.2,0,0,0
2018-06-13 07:00,29.2,0,0,0
2018-06-13 07:06,29.2,0,0,0
2018-06-13 07:12,29.2,0,0,0
2018-06-13 07:18,29.2,0,0,0
2018-06-13 07:24,29.2,0,0,0
2018-06-13 07:30,29.2,0,0,0
2018-06-13 07:36,29.2,0,0,0
2018-06-13 07:42,29.2,0,0,0
2018-06-13 07:48,29.2,0,0,0
2018-06-13 07:54,29.2,0,0,0
2018-06-13 08:00,29.2,0,0,0
2018-06-13 08:06,29.1,0,0,0
2018-06-13 08:12,29.1,0,0,0
2018-06-13 08:18,29.1,0,0,0
2018-06-13 08:24,29.1,0,0,0
2018-06-13 08:30,29.1,0,0,0
2018-06-13 08:36,29.1,0,0,0
2018-06-13 08:42,29.1,0,0,0
2018-06-13 08:48,29.1,0,0,0
2018-06-13 08:54,29.1,0,0,0
2018-06-13 09:00,29.1,0,0,0
2018-06-13 09:06,29.1,0,0,0
2018-06-13 09:12,29.1,0,0,0
2018-06-13 09:18,29.0,0,0,0
2018-06-13 09:24,29.0,0,0,0
2018-06-13 09:30,29.0,0,0,0
2018-06-13 09:36,29.0,0,0,0
2018-06-13 09:42,29.0,0,0,0
2018-06-13 09:48,29.0,0,0,0
2018-06-13 09:54,28.9,0,0,0
2018-06-13 10:00,28.9,0,0,0
2018-06-13 10:06,28.9,0,0,0
2018-06-13 10:12,28.9,0,0,0
2018-06-13 10:18,28.9,0,0,0
2018-06-13 10:24,28.9,0,0,0
2018-06-13 10:30,28.9,0,0,0
2018-06-13 10:36,28.9,0,0,0
2018-06-13 10:42,28.9,0,0,0
2018-06-13 10:48,28.8,0,0,0
2018-06-13 10:54,28.8,0,0,0
2018-06-13 11:00,28.8,0,0,0
2018-06-13 11:06,28.8,0,0,0
2018-06-13 11:12,28.7,0,0,0
2018-06-13 11:18,28.7,0,0,0
2018-06-13 11:24,28.7,0,0,0
2018-06-13 11:30,28.7,0,0,0
2018-06-13 11:36,28.7,0,0,0
2018-06-13 11:42,28.7,0,0,0
2018-06-13 11:48,28.7,0,0,0
2018-06-13 11:54,28.7,0,0,0
2018-06-13 12:00,28.7,0,0,0
2018-06-13 12:06,28.7,0,0,0
2018-06-13 12:12,28.7,0,0,0
2018-06-13 12:18,28.7,0,0,0
2018-06-13 12:24,28.7,0,0,0
2018-06-13 12:30,28.7,0,0,0
2018-06-13 12:36,28.7,0,0,0
2018-06-13 12:42,28.7,0,0,0
2018-06-13 12:48,28.7,0,0,0
2018-06-13 12:54,28.7,0,0,0
2018-06-13 13:00,28.7,0,0,0
2018-06-13 13:06,28.7,0,0,0
2018-06-13 13:12,28.7,0,0,0
2018-06-13 13:18,28.7,0,0,0
2018-06-13 13:24,28.7,0,0,0
2018-06-13 13:30,28.7,0,0,0
2018-06-13 13:36,28.7,0,0,0
2018-06-13 13:42,28.7,0,0,0
2018-06-13 13:48,28.7,0,0,0
2018-06-13 13:54,28.7,0,0,0
2018-06-13 14:00,28.7,0,0,0
2018-06-13 14:06,28.7,0,0,0
2018-06-13 14:12,28.7,0,0,0
2018-06-13 14:18,28.7,0,0,0
2018-06-13 14:24,28.7,0,0,0
2018-06-13 14:30,28.7,0,0,0
2018-06-13 14:36,28.7,0,0,0
2018-06-13 14:42,28.7,0,0,0
2018-06-13 14:48,28.7,0,0,0
2018-06-13 14:54,28.7,0,0,0
2018-06-13 15:00,28.7,0,0,0
2018-06-13 15:06,28.7,0,0,0
2018-06-13 15:12,28.7,0,0,0
2018-06-13 15:18,28.7,0,0,0
2018-06-13 15:24,28.7,0,0,0
2018-06-13 15:30,28.7,0,0,0
2018-06-13 15:36,28.8,0,0,0
2018-06-13 15:42,28.8,0,0,0
2018-06-13 15:48,28.8,0,0,0
2018-06-13 15:54,28.8,0,0,0
2018-06-13 16:00,28.8,0,0,0
2018-06-13 16:06,28.8,0,0,0
2018-06-13 16:12,28.8,0,0,0
2018-06-13 16:18,28.8,0,0,0
2018-06-13 16:24,28.8,0,0,0
2018-06-13 16:30,28.8,0,0,0
2018-06-13 16:36,28.9,0,0,0
2018-06-13 16:42,28.9,0,0,0
2018-06-13 16:48,28.9,0,0,0
2018-06-13 16:54,28.9,0,0,0
2018-06-13 17:00,29.0,0,0,0
2018-06-13 17:06,29.0,0,0,0
2018-06-13 17:12,29.0,0,0,0
2018-06-13 17:18,28.9,0,0,0
2018-06-13 17:24,28.9,0,0,0
2018-06-13 17:30,28.9,0,0,0
2018-06-13 17:36,28.9,0,0,0
2018-06-13 17:42,28.9,0,0,0
2018-06-13 17:48,28.9,0,0,0
2018-06-13 17:54,28.9,0,0,0
2018-06-13 18:00,29.0,0,0,0
2018-06-13 18:06,29.0,0,0,0
2018-06-13 18:12,29.0,0,0,0
2018-06-13 18:18,29.0,0,0,0
2018-06-13 18:24,29.0,0,0,0
2018-06-13 18:30,29.0,0,0,0
2018-06-13 18:36,29.0,0,0,0
2018-06-13 18:42,29.0,0,0,0
2018-06-13 18:48,29.0,0,0,0
2018-06-13 18:54,29.0,0,0,0
2018-06-13 19:00,29.0,0,0,0
2018-06-13 19:06,29.0,0,0,0
2018-06-13 19:12,29.0,0,0,0
2018-06-13 19:18,29.0,0,0,0
2018-06-13 19:24,29.1,0,0,0
2018-06-13 19:30,29.1,0,0,0
2018-06-13 19:36,29.1,0,0,0
2018-06-13 19:42,29.1,0,0,0
2018-06-13 19:48,29.1,0,0,0
2018-06-13 19:54,29.2,0,0,0
2018-06-13 20:00,29.2,0,0,0
2018-06-13 20:06,29.2,0,0,0
2018-06-13 20:12,29.2,0,0,0
2018-06-13 20:18,29.2,0,0,0
2018-06-13 20:24,29.3,0,0,0
2018-06-13 20:30,29.3,0,0,0
2018-06-13 20:36,29.3,0,0,0
2018-06-13 20:42,29.3,0,0,0
2018-06-13 20:48,29.3,0,0,0
2018-06-13 20:54,29.3,0,0,0
2018-06-13 21:00,29.3,0,0,0
2018-06-13 21:06,29.3,0,0,0
2018-06-13 21:12,29.4,0,0,0
2018-06-13 21:18,29.4,0,0,0
2018-06-13 21:24,29.4,0,0,0
2018-06-13 21:30,29.4,0,0,0
2018-06-13 21:36,29.4,0,0,0
2018-06-13 21:42,29.4,0,0,0
2018-06-13 21:48,29.4,0,0,0
2018-06-13 21:54,29.4,0,0,0
2018-06-13 22:00,29.5,0,0,0
2018-06-13 22:06,29.5,0,0,0
2018-06-13 22:12,29.5,0,0,0
2018-06-13 22:18,29.5,0,0,0
2018-06-13 22:24,29.5,0,0,0
2018-06-13 22:30,29.6,0,0,0
2018-06-13 22:36,29.6,0,0,0
2018-06-13 22:42,29.6,0,0,0
2018-06-13 22:48,29.6,0,0,0
2018-06-13 22:54,29.5,0,0,0
2018-06-13 23:00,29.4,0,0,0
2018-06-13 23:06,29.4,0,0,0
2018-06-13 23:12,29.3,0,0,0
2018-06-13 23:18,29.3,0,0,0
2018-06-13 23:24,29.3,0,0,0
2018-06-13 23:30,29.3,0,0,0
2018-06-13 23:36,29.3,0,0,0
2018-06-13 23:42,29.3,0,0,0
2018-06-13 23:48,29.2,0,0,0
2018-06-13 23:54,29.2,0,0,0
2018-06-14 00:00,29.2,0,0,0
2018-06-14 00:06,29.2,0,0,0
2018-06-14 00:12,29.2,0,0,0
2018-06-14 00:18,29.1,0,0,0
2018-06-14 00:24,29.1,0,0,0
2018-06-14 00:30,29.1,0,0,0
2018-06-14 00:36,29.1,0,0,0
2018-06-14 00:42,29.1,0,0,0
2018-06-14 00:48,29.0,0,0,0
2018-06-14 00:54,29.0,0,0,0
2018-06-14 01:00,29.0,0,0,0
2018-06-14 01:06,29.0,0,0,0
2018-06-14 01:12,29.0,0,0,0
2018-06-14 01:18,29.0,0,0,0
2018-06-14 01:24,29.0,0,0,0
2018-06-14 01:30,29.0,0,0,0
2018-06-14 01:36,29.0,0,0,0
2018-06-14 01:42,29.0,0,0,0
2018-06-14 01:48,29.0,0,0,0
2018-06-14 01:54,29.0,0,0,0
2018-06-14 02:00,29.0,0,0,0
2018-06-14 02:06,29.0,0,0,0
2018-06-14 02:12,29.0,0,0,0
2018-06-14 02:18,29.0,0,0,0
2018-06-14 02:24,29.0,0,0,0
2018-06-14 02:30,29.0,0,0,0
2018-06-14 02:36,28.9,0,0,0
2018-06-14 02:42,29.0,0,0,0
2018-06-14 02:48,29.0,0,0,0
2018-06-14 02:54,29.0,0,0,0
2018-06-14 03:00,29.1,0,0,0
2018-06-14 03:06,29.0,0,0,0
2018-06-14 03:12,29.0,0,0,0
2018-06-14 03:18,29.0,0,0,0
2018-06-14 03:24,29.0,0,0,0
2018-06-14 03:30,29.0,0,0,0
2018-06-14 03:36,29.0,0,0,0
2018-06-14 03:42,29.0,0,0,0
2018-06-14 03:48,29.0,0,0,0
2018-06-14 03:54,29.0,0,0,0
2018-06-14 04:00,29.0,0,0,0
2018-06-14 04:06,29.0,0,0,0
2018-06-14 04:12,29.0,0,0,0
2018-06-14 04:18,29.0,0,0,0
2018-06-14 04:24,29.1,0,0,0
2018-06-14 04:30,29.1,0,0,0
2018-06-14 04:36,29.1,0,0,0
2018-06-14 04:42,29.1,0,0,0
2018-06-14 04:48,29.1,0,0,0
2018-06-14 04:54,29.1,0,0,0
2018-06-14 05:00,29.1,0,0,0
2018-06-14 05:06,29.1,0,0,0
2018-06-14 05:12,29.1,0,0,0
2018-06-14 05:18,29.1,0,0,0
2018-06-14 05:24,29.1,0,0,0
2018-06-14 05:30,29.1,0,0,0
2018-06-14 05:36,29.1,0,0,0
2018-06-14 05:42,29.1,0,0,0
2018-06-14 05:48,29.1,0,0,0
2018-06-14 05:54,29.1,0,0,0
2018-06-14 06:00,29.1,0,0,0
2018-06-14 06:06,29.1,0,0,0
2018-06-14 06:12,29.1,0,0,0
2018-06-14 06:18,29.1,0,0,0
2018-06-14 06:24,29.1,0,0,0
2018-06-14 06:30,29.1,0,0,0
2018-06-14 06:36,29.1,0,0,0
2018-06-14 06:42,29.1,0,0,0
2018-06-14 06:48,29.1,0,0,0
2018-06-14 06:54,29.1,0,0,0
2018-06-14 07:00,29.1,0,0,0
2018-06-14 07:06,29.1,0,0,0
2018-06-14 07:12,29.1,0,0,0
2018-06-14 07:18,29.1,0,0,0
2018-06-14 07:24,29.1,0,0,0
2018-06-14 07:30,29.1,0,0,0
2018-06-14 07:36,29.1,0,0,0
2018-06-14 07:42,29.1,0,0,0
2018-06-14 07:48,29.1,0,0,0
2018-06-14 07:54,29.1,0,0,0
2018-06-14 08:00,29.1,0,0,0
2018-06-14 08:06,29.1,0,0,0
2018-06-14 08:12,29.1,0,0,0
2018-06-14 08:18,29.1,0,0,0
2018-06-14 08:24,29.1,0,0,0
2018-06-14 08:30,29.1,0,0,0
2018-06-14 08:36,29.1,0,0,0
2018-06-14 08:42,29.1,0,0,0
2018-06-14 08:48,29.1,0,0,0
2018-06-14 08:54,29.1,0,0,0
2018-06-14 09:00,29.0,0,0,0
2018-06-14 09:06,29.0,0,0,0
2018-06-14 09:12,29.0,0,0,0
2018-06-14 09:18,29.0,0,0,0
2018-06-14 09:24,29.0,0,0,0
2018-06-14 09:30,29.0,0,0,0
2018-06-14 09:36,29.0,0,0,0
2018-06-14 09:42,29.0,0,0,0
2018-06-14 09:48,29.0,0,0,0
2018-06-14 09:54,29.0,0,0,0
2018-06-14 10:00,29.0,0,0,0
2018-06-14 10:06,29.0,0,0,0
2018-06-14 10:12,28.9,0,0,0
2018-06-14 10:18,28.9,0,0,0
2018-06-14 10:24,28.9,0,0,0
2018-06-14 10:30,28.9,0,0,0
2018-06-14 10:36,28.9,0,0,0
2018-06-14 10:42,28.9,0,0,0
2018-06-14 10:48,28.8,0,0,0
2018-06-14 10:54,28.8,0,0,0
2018-06-14 11:00,28.8,0,0,0
2018-06-14 11:06,28.8,0,0,0
2018-06-14 11:12,28.8,0,0,0
2018-06-14 11:18,28.8,0,0,0
2018-06-14 11:24,28.8,0,0,0
2018-06-14 11:30,28.8,0,0,0
2018-06-14 11:36,28.8,0,0,0
2018-06-14 11:42,28.7,0,0,0
2018-06-14 11:48,28.7,0,0,0
2018-06-14 11:54,28.7,0,0,0
2018-06-14 12:00,28.7,0,0,0
2018-06-14 12:06,28.7,0,0,0
2018-06-14 12:12,28.7,0,0,0
2018-06-14 12:18,28.7,0,0,0
2018-06-14 12:24,28.7,0,0,0
2018-06-14 12:30,28.7,0,0,0
2018-06-14 12:36,28.7,0,0,0
2018-06-14 12:42,28.7,0,0,0
2018-06-14 12:48,28.7,0,0,0
2018-06-14 12:54,28.7,0,0,0
2018-06-14 13:00,28.8,0,0,0
2018-06-14 13:06,28.8,0,0,0
2018-06-14 13:12,28.8,0,0,0
2018-06-14 13:18,28.8,0,0,0
2018-06-14 13:24,28.8,0,0,0
2018-06-14 13:30,28.8,0,0,0
2018-06-14 13:36,28.8,0,0,0
2018-06-14 13:42,28.8,0,0,0
2018-06-14 13:48,28.8,0,0,0
2018-06-14 13:54,28.8,0,0,0
2018-06-14 14:00,28.9,0,0,0
2018-06-14 14:06,28.9,0,0,0
2018-06-14 14:12,28.9,0,0,0
2018-06-14 14:18,28.9,0,0,0
2018-06-14 14:24,28.9,0,0,0
2018-06-14 14:30,28.9,0,0,0
2018-06-14 14:36,28.9,0,0,0
2018-06-14 14:42,28.9,0,0,0
2018-06-14 14:48,29.0,0,0,0
2018-06-14 14:54,29.0,0,0,0
2018-06-14 15:00,29.0,0,0,0
2018-06-14 15:06,29.0,0,0,0
2018-06-14 15:12,29.0,0,0,0
2018-06-14 15:18,29.0,0,0,0
2018-06-14 15:24,28.9,0,0,0
2018-06-14 15:30,28.9,0,0,0
2018-06-14 15:36,28.9,0,0,0
2018-06-14 15:42,28.9,0,0,0
2018-06-14 15:48,28.9,0,0,0
2018-06-14 15:54,28.9,0,0,0
2018-06-14 16:00,28.9,0,0,0
2018-06-14 16:06,28.9,0,0,0
2018-06-14 16:12,28.9,0,0,0
2018-06-14 16:18,28.9,0,0,0
2018-06-14 16:24,29.0,0,0,0
2018-06-14 16:30,29.0,0,0,0
2018-06-14 16:36,29.0,0,0,0
2018-06-14 16:42,29.1,0,0,0
2018-06-14 16:48,29.1,0,0,0
2018-06-14 16:54,29.1,0,0,0
2018-06-14 17:00,29.1,0,0,0
2018-06-14 17:06,29.1,0,0,0
2018-06-14 17:12,29.2,0,0,0
2018-06-14 17:18,29.1,0,0,0
2018-06-14 17:24,29.2,0,0,0
2018-06-14 17:30,29.2,0,0,0
2018-06-14 17:36,29.2,0,0,0
2018-06-14 17:42,29.2,0,0,0
2018-06-14 17:48,29.3,0,0,0
2018-06-14 17:54,29.3,0,0,0
2018-06-14 18:00,29.3,0,0,0
2018-06-14 18:06,29.3,0,0,0
2018-06-14 18:12,29.3,0,0,0
2018-06-14 18:18,29.3,0,0,0
2018-06-14 18:24,29.3,0,0,0
2018-06-14 18:30,29.3,0,0,0
2018-06-14 18:36,29.3,0,0,0
2018-06-14 18:42,29.3,0,0,0
2018-06-14 18:48,29.3,0,0,0
2018-06-14 18:54,29.3,0,0,0
2018-06-14 19:00,29.2,0,0,0
2018-06-14 19:06,29.2,0,0,0
2018-06-14 19:12,29.2,0,0,0
2018-06-14 19:18,29.2,0,0,0
2018-06-14 19:24,29.2,0,0,0
2018-06-14 19:30,29.2,0,0,0
2018-06-14 19:36,29.2,0,0,0
2018-06-14 19:42,29.2,0,0,0
2018-06-14 19:48,29.2,0,0,0
2018-06-14 19:54,29.2,0,0,0
2018-06-14 20:00,29.2,0,0,0
2018-06-14 20:06,29.2,0,0,0
2018-06-14 20:12,29.2,0,0,0
2018-06-14 20:18,29.2,0,0,0
2018-06-14 20:24,29.2,0,0,0
2018-06-14 20:30,29.2,0,0,0
2018-06-14 20:36,29.2,0,0,0
2018-06-14 20:42,29.2,0,0,0
2018-06-14 20:48,29.2,0,0,0
2018-06-14 20:54,29.2,0,0,0
2018-06-14 21:00,29.2,0,0,0
2018-06-14 21:06,29.2,0,0,0
2018-06-14 21:12,29.2,0,0,0
2018-06-14 21:18,29.2,0,0,0
2018-06-14 21:24,29.2,0,0,0
2018-06-14 21:30,29.2,0,0,0
2018-06-14 21:36,29.2,0,0,0
2018-06-14 21:42,29.2,0,0,0
2018-06-14 21:48,29.2,0,0,0
2018-06-14 21:54,29.2,0,0,0
2018-06-14 22:00,29.2,0,0,0
2018-06-14 22:06,29.2,0,0,0
2018-06-14 22:12,29.2,0,0,0
2018-06-14 22:18,29.2,0,0,0
2018-06-14 22:24,29.2,0,0,0
2018-06-14 22:30,29.2,0,0,0
2018-06-14 22:36,29.2,0,0,0
2018-06-14 22:42,29.2,0,0,0
2018-06-14 22:48,29.2,0,0,0
2018-06-14 22:54,29.2,0,0,0
2018-06-14 23:00,29.2,0,0,0
2018-06-14 23:06,29.2,0,0,0
2018-06-14 23:12,29.2,0,0,0
2018-06-14 23:18,29.2,0,0,0
2018-06-14 23:24,29.2,0,0,0
2018-06-14 23:30,29.2,0,0,0
2018-06-14 23:36,29.2,0,0,0
2018-06-14 23:42,29.2,0,0,0
2018-06-14 23:48,29.2,0,0,0
2018-06-14 23:54,29.2,0,0,0
2018-06-15 00:00,29.2,0,0,0
2018-06-15 00:06,29.2,0,0,0
2018-06-15 00:12,29.2,0,0,0
2018-06-15 00:18,29.3,0,0,0
2018-06-15 00:24,29.3,0,0,0
2018-06-15 00:30,29.3,0,0,0
2018-06-15 00:36,29.3,0,0,0
2018-06-15 00:42,29.3,0,0,0
2018-06-15 00:48,29.2,0,0,0
2018-06-15 00:54,29.2,0,0,0
2018-06-15 01:00,29.2,0,0,0
2018-06-15 01:06,29.2,0,0,0
2018-06-15 01:12,29.2,0,0,0
2018-06-15 01:18,29.2,0,0,0
2018-06-15 01:24,29.2,0,0,0
2018-06-15 01:30,29.1,0,0,0
2018-06-15 01:36,29.1,0,0,0
2018-06-15 01:42,29.1,0,0,0
2018-06-15 01:48,29.1,0,0,0
2018-06-15 01:54,29.1,0,0,0
2018-06-15 02:00,29.0,0,0,0
2018-06-15 02:06,29.0,0,0,0
2018-06-15 02:12,29.0,0,0,0
2018-06-15 02:18,29.0,0,0,0
2018-06-15 02:24,29.0,0,0,0
2018-06-15 02:30,29.0,0,0,0
2018-06-15 02:36,28.9,0,0,0
2018-06-15 02:42,28.9,0,0,0
2018-06-15 02:48,28.9,0,0,0
2018-06-15 02:54,28.9,0,0,0
2018-06-15 03:00,28.9,0,0,0
2018-06-15 03:06,28.9,0,0,0
2018-06-15 03:12,28.9,0,0,0
2018-06-15 03:18,28.9,0,0,0
2018-06-15 03:24,28.9,0,0,0
2018-06-15 03:30,28.9,0,0,0
2018-06-15 03:36,28.9,0,0,0
2018-06-15 03:42,28.9,0,0,0
2018-06-15 03:48,29.0,0,0,0
2018-06-15 03:54,29.0,0,0,0
2018-06-15 04:00,29.0,0,0,0
2018-06-15 04:06,29.0,0,0,0
2018-06-15 04:12,29.0,0,0,0
2018-06-15 04:18,29.0,0,0,0
2018-06-15 04:24,29.0,0,0,0
2018-06-15 04:30,29.0,0,0,0
2018-06-15 04:36,29.0,0,0,0
2018-06-15 04:42,29.0,0,0,0
2018-06-15 04:48,29.0,0,0,0
2018-06-15 04:54,29.0,0,0,0
2018-06-15 05:00,29.0,0,0,0
2018-06-15 05:06,29.0,0,0,0
2018-06-15 05:12,29.0,0,0,0
2018-06-15 05:18,29.0,0,0,0
2018-06-15 05:24,29.0,0,0,0
2018-06-15 05:30,29.0,0,0,0
2018-06-15 05:36,29.0,0,0,0
2018-06-15 05:42,29.0,0,0,0
2018-06-15 05:48,29.0,0,0,0
2018-06-15 05:54,29.0,0,0,0
2018-06-15 06:00,29.0,0,0,0
2018-06-15 06:06,29.0,0,0,0
2018-06-15 06:12,29.0,0,0,0
2018-06-15 06:18,29.0,0,0,0
2018-06-15 06:24,29.0,0,0,0
2018-06-15 06:30,29.0,0,0,0
2018-06-15 06:36,29.0,0,0,0
2018-06-15 06:42,29.0,0,0,0
2018-06-15 06:48,29.0,0,0,0
2018-06-15 06:54,29.0,0,0,0
2018-06-15 07:00,29.0,0,0,0
2018-06-15 07:06,29.0,0,0,0
2018-06-15 07:12,29.0,0,0,0
2018-06-15 07:18,29.0,0,0,0
2018-06-15 07:24,29.0,0,0,0
2018-06-15 07:30,29.0,0,0,0
2018-06-15 07:36,29.0,0,0,0
2018-06-15 07:42,29.1,0,0,0
2018-06-15 07:48,29.1,0,0,0
2018-06-15 07:54,29.1,0,0,0
2018-06-15 08:00,29.1,0,0,0
2018-06-15 08:06,29.1,0,0,0
2018-06-15 08:12,29.1,0,0,0
2018-06-15 08:18,29.1,0,0,0
2018-06-15 08:24,29.1,0,0,0
2018-06-15 08:30,29.1,0,0,0
2018-06-15 08:36,29.1,0,0,0
2018-06-15 08:42,29.1,0,0,0
2018-06-15 08:48,29.1,0,0,0
2018-06-15 08:54,29.1,0,0,0
2018-06-15 09:00,29.1,0,0,0
2018-06-15 09:06,29.1,0,0,0
2018-06-15 09:12,29.1,0,0,0
2018-06-15 09:18,29.1,0,0,0
2018-06-15 09:24,29.1,0,0,0
2018-06-15 09:30,29.1,0,0,0
2018-06-15 09:36,29.1,0,0,0
2018-06-15 09:42,29.1,0,0,0
2018-06-15 09:48,29.1,0,0,0
2018-06-15 09:54,29.1,0,0,0
2018-06-15 10:00,29.1,0,0,0
2018-06-15 10:06,29.0,0,0,0
2018-06-15 10:12,29.0,0,0,0
2018-06-15 10:18,29.0,0,0,0
2018-06-15 10:24,29.0,0,0,0
2018-06-15 10:30,29.0,0,0,0
2018-06-15 10:36,29.0,0,0,0
2018-06-15 10:42,29.0,0,0,0
2018-06-15 10:48,29.0,0,0,0
2018-06-15 10:54,29.0,0,0,0
2018-06-15 11:00,29.0,0,0,0
2018-06-15 11:06,29.0,0,0,0
2018-06-15 11:12,29.0,0,0,0
2018-06-15 11:18,28.9,0,0,0
2018-06-15 11:24,28.9,0,0,0
2018-06-15 11:30,28.9,0,0,0
2018-06-15 11:36,28.9,0,0,0
2018-06-15 11:42,28.9,0,0,0
2018-06-15 11:48,28.9,0,0,0
2018-06-15 11:54,28.9,0,0,0
2018-06-15 12:00,28.9,0,0,0
2018-06-15 12:06,28.9,0,0,0
2018-06-15 12:12,28.9,0,0,0
2018-06-15 12:18,28.9,0,0,0
2018-06-15 12:24,28.9,0,0,0
2018-06-15 12:30,28.8,0,0,0
2018-06-15 12:36,28.8,0,0,0
2018-06-15 12:42,28.8,0,0,0
2018-06-15 12:48,28.7,0,0,0
2018-06-15 12:54,28.7,0,0,0
2018-06-15 13:00,28.8,0,0,0
2018-06-15 13:06,28.8,0,0,0
2018-06-15 13:12,28.8,0,0,0
2018-06-15 13:18,28.8,0,0,0
2018-06-15 13:24,28.8,0,0,0
2018-06-15 13:30,28.8,0,0,0
2018-06-15 13:36,28.8,0,0,0
2018-06-15 13:42,28.8,0,0,0
2018-06-15 13:48,28.9,0,0,0
2018-06-15 13:54,28.9,0,0,0
2018-06-15 14:00,28.9,0,0,0
2018-06-15 14:06,28.9,0,0,0
2018-06-15 14:12,28.9,0,0,0
2018-06-15 14:18,28.9,0,0,0
2018-06-15 14:24,28.9,0,0,0
2018-06-15 14:30,28.9,0,0,0
2018-06-15 14:36,28.9,0,0,0
2018-06-15 14:42,29.0,0,0,0
2018-06-15 14:48,29.0,0,0,0
2018-06-15 14:54,29.0,0,0,0
2018-06-15 15:00,29.0,0,0,0
2018-06-15 15:06,29.0,0,0,0
2018-06-15 15:12,29.0,0,0,0
2018-06-15 15:18,29.0,0,0,0
2018-06-15 15:24,29.0,0,0,0
2018-06-15 15:30,29.1,0,0,0
2018-06-15 15:36,29.1,0,0,0
2018-06-15 15:42,29.1,0,0,0
2018-06-15 15:48,29.1,0,0,0
2018-06-15 15:54,29.1,0,0,0
2018-06-15 16:00,29.1,0,0,0
2018-06-15 16:06,29.1,0,0,0
2018-06-15 16:12,29.1,0,0,0
2018-06-15 16:18,29.1,0,0,0
2018-06-15 16:24,29.1,0,0,0
2018-06-15 16:30,29.1,0,0,0
2018-06-15 16:36,29.1,0,0,0
2018-06-15 16:42,29.1,0,0,0
2018-06-15 16:48,29.1,0,0,0
2018-06-15 16:54,29.0,0,0,0
2018-06-15 17:00,29.0,0,0,0
2018-06-15 17:06,29.0,0,0,0
2018-06-15 17:12,29.1,0,0,0
2018-06-15 17:18,29.1,0,0,0
2018-06-15 17:24,29.1,0,0,0
2018-06-15 17:30,29.1,0,0,0
2018-06-15 17:36,29.1,0,0,0
2018-06-15 17:42,29.1,0,0,0
2018-06-15 17:48,29.1,0,0,0
2018-06-15 17:54,29.1,0,0,0
2018-06-15 18:00,29.1,0,0,0
2018-06-15 18:06,29.1,0,0,0
2018-06-15 18:12,29.2,0,0,0
2018-06-15 18:18,29.2,0,0,0
2018-06-15 18:24,29.2,0,0,0
2018-06-15 18:30,29.2,0,0,0
2018-06-15 18:36,29.2,0,0,0
2018-06-15 18:42,29.2,0,0,0
2018-06-15 18:48,29.2,0,0,0
2018-06-15 18:54,29.2,0,0,0
2018-06-15 19:00,29.2,0,0,0
2018-06-15 19:06,29.2,0,0,0
2018-06-15 19:12,29.3,0,0,0
2018-06-15 19:18,29.3,0,0,0
2018-06-15 19:24,29.3,0,0,0
2018-06-15 19:30,29.3,0,0,0
2018-06-15 19:36,29.3,0,0,0
2018-06-15 19:42,29.3,0,0,0
2018-06-15 19:48,29.3,0,0,0
2018-06-15 19:54,29.3,0,0,0
2018-06-15 20:00,29.3,0,0,0
2018-06-15 20:06,29.3,0,0,0
2018-06-15 20:12,29.4,0,0,0
2018-06-15 20:18,29.4,0,0,0
2018-06-15 20:24,29.4,0,0,0
2018-06-15 20:30,29.5,0,0,0
2018-06-15 20:36,29.7,0,0,0
2018-06-15 20:42,29.7,0,0,0
2018-06-15 20:48,29.7,0,0,0
2018-06-15 20:54,29.7,0,0,0
2018-06-15 21:00,29.7,0,0,0
2018-06-15 21:06,29.7,0,0,0
2018-06-15 21:12,29.7,0,0,0
2018-06-15 21:18,29.7,0,0,0
2018-06-15 21:24,29.7,0,0,0
2018-06-15 21:30,29.7,0,0,0
2018-06-15 21:36,29.7,0,0,0
2018-06-15 21:42,29.7,0,0,0
2018-06-15 21:48,29.7,0,0,0
2018-06-15 21:54,29.8,0,0,0
2018-06-15 22:00,,1,1,1
2018-06-15 22:06,,1,1,1
2018-06-15 22:12,,1,1,1
2018-06-15 22:18,29.8,0,0,0
2018-06-15 22:24,29.8,0,0,0
2018-06-15 22:30,29.8,0,0,0
2018-06-15 22:36,29.8,0,0,0
2018-06-15 22:42,29.8,0,0,0
2018-06-15 22:48,29.8,0,0,0
2018-06-15 22:54,29.8,0,0,0
2018-06-15 23:00,29.8,0,0,0
2018-06-15 23:06,29.8,0,0,0
2018-06-15 23:12,29.8,0,0,0
2018-06-15 23:18,29.9,0,0,0
2018-06-15 23:24,29.9,0,0,0
2018-06-15 23:30,29.8,0,0,0
2018-06-15 23:36,29.8,0,0,0
2018-06-15 23:42,29.8,0,0,0
2018-06-15 23:48,29.8,0,0,0
2018-06-15 23:54,29.8,0,0,0
2018-06-16 00:00,29.8,0,0,0
2018-06-16 00:06,29.8,0,0,0
2018-06-16 00:12,29.8,0,0,0
2018-06-16 00:18,29.8,0,0,0
2018-06-16 00:24,29.7,0,0,0
2018-06-16 00:30,29.7,0,0,0
2018-06-16 00:36,29.7,0,0,0
2018-06-16 00:42,29.7,0,0,0
2018-06-16 00:48,29.7,0,0,0
2018-06-16 00:54,29.6,0,0,0
2018-06-16 01:00,29.6,0,0,0
2018-06-16 01:06,29.6,0,0,0
2018-06-16 01:12,29.6,0,0,0
2018-06-16 01:18,29.6,0,0,0
2018-06-16 01:24,29.5,0,0,0
2018-06-16 01:30,29.5,0,0,0
2018-06-16 01:36,29.5,0,0,0
2018-06-16 01:42,29.5,0,0,0
2018-06-16 01:48,29.5,0,0,0
2018-06-16 01:54,29.5,0,0,0
2018-06-16 02:00,29.5,0,0,0
2018-06-16 02:06,29.4,0,0,0
2018-06-16 02:12,29.4,0,0,0
2018-06-16 02:18,29.5,0,0,0
2018-06-16 02:24,29.5,0,0,0
2018-06-16 02:30,29.5,0,0,0
2018-06-16 02:36,29.5,0,0,0
2018-06-16 02:42,29.5,0,0,0
2018-06-16 02:48,29.5,0,0,0
2018-06-16 02:54,29.5,0,0,0
2018-06-16 03:00,29.5,0,0,0
2018-06-16 03:06,29.5,0,0,0
2018-06-16 03:12,29.5,0,0,0
2018-06-16 03:18,29.5,0,0,0
2018-06-16 03:24,29.5,0,0,0
2018-06-16 03:30,29.5,0,0,0
2018-06-16 03:36,29.5,0,0,0
2018-06-16 03:42,29.5,0,0,0
2018-06-16 03:48,29.5,0,0,0
2018-06-16 03:54,29.5,0,0,0
2018-06-16 04:00,29.5,0,0,0
2018-06-16 04:06,29.5,0,0,0
2018-06-16 04:12,29.5,0,0,0
2018-06-16 04:18,29.5,0,0,0
2018-06-16 04:24,29.5,0,0,0
2018-06-16 04:30,29.5,0,0,0
2018-06-16 04:36,29.5,0,0,0
2018-06-16 04:42,29.5,0,0,0
2018-06-16 04:48,29.5,0,0,0
2018-06-16 04:54,29.5,0,0,0
2018-06-16 05:00,29.5,0,0,0
2018-06-16 05:06,29.5,0,0,0
2018-06-16 05:12,29.5,0,0,0
2018-06-16 05:18,29.5,0,0,0
2018-06-16 05:24,29.5,0,0,0
2018-06-16 05:30,29.5,0,0,0
2018-06-16 05:36,29.5,0,0,0
2018-06-16 05:42,29.5,0,0,0
2018-06-16 05:48,29.5,0,0,0
2018-06-16 05:54,29.5,0,0,0
2018-06-16 06:00,29.5,0,0,0
2018-06-16 06:06,29.4,0,0,0
2018-06-16 06:12,29.4,0,0,0
2018-06-16 06:18,29.4,0,0,0
2018-06-16 06:24,29.4,0,0,0
2018-06-16 06:30,29.4,0,0,0
2018-06-16 06:36,29.4,0,0,0
2018-06-16 06:42,29.4,0,0,0
2018-06-16 06:48,29.5,0,0,0
2018-06-16 06:54,29.5,0,0,0
2018-06-16 07:00,29.5,0,0,0
2018-06-16 07:06,29.5,0,0,0
2018-06-16 07:12,29.5,0,0,0
2018-06-16 07:18,29.5,0,0,0
2018-06-16 07:24,29.5,0,0,0
2018-06-16 07:30,29.4,0,0,0
2018-06-16 07:36,29.4,0,0,0
2018-06-16 07:42,29.4,0,0,0
2018-06-16 07:48,29.4,0,0,0
2018-06-16 07:54,29.5,0,0,0
2018-06-16 08:00,29.5,0,0,0
2018-06-16 08:06,29.5,0,0,0
2018-06-16 08:12,29.5,0,0,0
2018-06-16 08:18,29.5,0,0,0
2018-06-16 08:24,29.5,0,0,0
2018-06-16 08:30,29.5,0,0,0
2018-06-16 08:36,29.5,0,0,0
2018-06-16 08:42,29.5,0,0,0
2018-06-16 08:48,29.5,0,0,0
2018-06-16 08:54,29.5,0,0,0
2018-06-16 09:00,29.5,0,0,0
2018-06-16 09:06,29.5,0,0,0
2018-06-16 09:12,29.5,0,0,0
2018-06-16 09:18,29.5,0,0,0
2018-06-16 09:24,29.5,0,0,0
2018-06-16 09:30,29.5,0,0,0
2018-06-16 09:36,29.5,0,0,0
2018-06-16 09:42,29.5,0,0,0
2018-06-16 09:48,29.5,0,0,0
2018-06-16 09:54,29.5,0,0,0
2018-06-16 10:00,29.5,0,0,0
2018-06-16 10:06,29.5,0,0,0
2018-06-16 10:12,29.5,0,0,0
2018-06-16 10:18,29.5,0,0,0
2018-06-16 10:24,29.5,0,0,0
2018-06-16 10:30,29.5,0,0,0
2018-06-16 10:36,29.5,0,0,0
2018-06-16 10:42,29.5,0,0,0
2018-06-16 10:48,29.5,0,0,0
2018-06-16 10:54,29.5,0,0,0
2018-06-16 11:00,29.4,0,0,0
2018-06-16 11:06,29.4,0,0,0
2018-06-16 11:12,29.4,0,0,0
2018-06-16 11:18,29.4,0,0,0
2018-06-16 11:24,29.4,0,0,0
2018-06-16 11:30,29.4,0,0,0
2018-06-16 11:36,29.4,0,0,0
2018-06-16 11:42,29.4,0,0,0
2018-06-16 11:48,29.4,0,0,0
2018-06-16 11:54,29.4,0,0,0
2018-06-16 12:00,29.4,0,0,0
2018-06-16 12:06,29.4,0,0,0
2018-06-16 12:12,29.4,0,0,0
2018-06-16 12:18,29.4,0,0,0
2018-06-16 12:24,29.4,0,0,0
2018-06-16 12:30,29.4,0,0,0
2018-06-16 12:36,29.4,0,0,0
2018-06-16 12:42,29.4,0,0,0
2018-06-16 12:48,29.4,0,0,0
2018-06-16 12:54,29.4,0,0,0
2018-06-16 13:00,29.4,0,0,0
2018-06-16 13:06,29.4,0,0,0
2018-06-16 13:12,29.4,0,0,0
2018-06-16 13:18,29.4,0,0,0
2018-06-16 13:24,29.4,0,0,0
2018-06-16 13:30,29.4,0,0,0
2018-06-16 13:36,29.4,0,0,0
2018-06-16 13:42,29.4,0,0,0
2018-06-16 13:48,29.4,0,0,0
2018-06-16 13:54,29.4,0,0,0
2018-06-16 14:00,29.4,0,0,0
2018-06-16 14:06,29.5,0,0,0
2018-06-16 14:12,29.5,0,0,0
2018-06-16 14:18,29.5,0,0,0
2018-06-16 14:24,29.5,0,0,0
2018-06-16 14:30,29.5,0,0,0
2018-06-16 14:36,29.6,0,0,0
2018-06-16 14:42,29.6,0,0,0
2018-06-16 14:48,29.6,0,0,0
2018-06-16 14:54,29.6,0,0,0
2018-06-16 15:00,29.7,0,0,0
2018-06-16 15:06,29.7,0,0,0
2018-06-16 15:12,29.7,0,0,0
2018-06-16 15:18,29.7,0,0,0
2018-06-16 15:24,29.7,0,0,0
2018-06-16 15:30,29.8,0,0,0
2018-06-16 15:36,29.8,0,0,0
2018-06-16 15:42,29.8,0,0,0
2018-06-16 15:48,29.8,0,0,0
2018-06-16 15:54,29.8,0,0,0
2018-06-16 16:00,29.9,0,0,0
2018-06-16 16:06,29.9,0,0,0
2018-06-16 16:12,29.9,0,0,0
2018-06-16 16:18,29.9,0,0,0
2018-06-16 16:24,29.9,0,0,0
2018-06-16 16:30,29.9,0,0,0
2018-06-16 16:36,30.0,0,0,0
2018-06-16 16:42,30.0,0,0,0
2018-06-16 16:48,30.0,0,0,0
2018-06-16 16:54,30.0,0,0,0
2018-06-16 17:00,29.9,0,0,0
2018-06-16 17:06,29.9,0,0,0
2018-06-16 17:12,29.9,0,0,0
2018-06-16 17:18,29.9,0,0,0
2018-06-16 17:24,29.9,0,0,0
2018-06-16 17:30,29.9,0,0,0
2018-06-16 17:36,29.9,0,0,0
2018-06-16 17:42,29.8,0,0,0
2018-06-16 17:48,29.8,0,0,0
2018-06-16 17:54,29.8,0,0,0
2018-06-16 18:00,29.8,0,0,0
2018-06-16 18:06,29.8,0,0,0
2018-06-16 18:12,29.9,0,0,0
2018-06-16 18:18,29.9,0,0,0
2018-06-16 18:24,29.9,0,0,0
2018-06-16 18:30,29.9,0,0,0
2018-06-16 18:36,29.9,0,0,0
2018-06-16 18:42,29.9,0,0,0
2018-06-16 18:48,29.9,0,0,0
2018-06-16 18:54,30.1,0,0,0
2018-06-16 19:00,30.1,0,0,0
2018-06-16 19:06,30.1,0,0,0
2018-06-16 19:12,30.0,0,0,0
2018-06-16 19:18,30.0,0,0,0
2018-06-16 19:24,30.0,0,0,0
2018-06-16 19:30,30.0,0,0,0
2018-06-16 19:36,30.0,0,0,0
2018-06-16 19:42,30.0,0,0,0
2018-06-16 19:48,30.0,0,0,0
2018-06-16 19:54,30.0,0,0,0
2018-06-16 20:00,30.0,0,0,0
2018-06-16 20:06,30.0,0,0,0
2018-06-16 20:12,30.0,0,0,0
2018-06-16 20:18,30.0,0,0,0
2018-06-16 20:24,30.0,0,0,0
2018-06-16 20:30,30.0,0,0,0
2018-06-16 20:36,30.0,0,0,0
2018-06-16 20:42,30.0,0,0,0
2018-06-16 20:48,30.0,0,0,0
2018-06-16 20:54,30.1,0,0,0
2018-06-16 21:00,30.1,0,0,0
2018-06-16 21:06,30.1,0,0,0
2018-06-16 21:12,30.1,0,0,0
2018-06-16 21:18,30.2,0,0,0
2018-06-16 21:24,30.1,0,0,0
2018-06-16 21:30,30.2,0,0,0
2018-06-16 21:36,30.2,0,0,0
2018-06-16 21:42,30.2,0,0,0
2018-06-16 21:48,30.2,0,0,0
2018-06-16 21:54,30.3,0,0,0
2018-06-16 22:00,30.2,0,0,0
2018-06-16 22:06,30.2,0,0,0
2018-06-16 22:12,30.3,0,0,0
2018-06-16 22:18,30.2,0,0,0
2018-06-16 22:24,30.3,0,0,0
2018-06-16 22:30,30.3,0,0,0
2018-06-16 22:36,30.3,0,0,0
2018-06-16 22:42,30.3,0,0,0
2018-06-16 22:48,30.3,0,0,0
2018-06-16 22:54,30.3,0,0,0
2018-06-16 23:00,30.3,0,0,0
2018-06-16 23:06,30.3,0,0,0
2018-06-16 23:12,30.3,0,0,0
2018-06-16 23:18,30.3,0,0,0
2018-06-16 23:24,30.3,0,0,0
2018-06-16 23:30,30.3,0,0,0
2018-06-16 23:36,30.3,0,0,0
2018-06-16 23:42,30.3,0,0,0
2018-06-16 23:48,30.3,0,0,0
2018-06-16 23:54,30.2,0,0,0
2018-06-17 00:00,30.2,0,0,0
2018-06-17 00:06,30.2,0,0,0
2018-06-17 00:12,30.2,0,0,0
2018-06-17 00:18,30.2,0,0,0
2018-06-17 00:24,30.2,0,0,0
2018-06-17 00:30,30.2,0,0,0
2018-06-17 00:36,30.2,0,0,0
2018-06-17 00:42,30.2,0,0,0
2018-06-17 00:48,30.2,0,0,0
2018-06-17 00:54,30.2,0,0,0
2018-06-17 01:00,30.2,0,0,0
2018-06-17 01:06,30.2,0,0,0
2018-06-17 01:12,30.1,0,0,0
2018-06-17 01:18,30.1,0,0,0
2018-06-17 01:24,30.1,0,0,0
2018-06-17 01:30,30.1,0,0,0
2018-06-17 01:36,30.1,0,0,0
2018-06-17 01:42,30.1,0,0,0
2018-06-17 01:48,30.1,0,0,0
2018-06-17 01:54,30.0,0,0,0
2018-06-17 02:00,30.0,0,0,0
2018-06-17 02:06,30.0,0,0,0
2018-06-17 02:12,30.0,0,0,0
2018-06-17 02:18,29.9,0,0,0
2018-06-17 02:24,29.9,0,0,0
2018-06-17 02:30,29.9,0,0,0
2018-06-17 02:36,29.9,0,0,0
2018-06-17 02:42,29.9,0,0,0
2018-06-17 02:48,29.9,0,0,0
2018-06-17 02:54,29.9,0,0,0
2018-06-17 03:00,29.9,0,0,0
2018-06-17 03:06,29.9,0,0,0
2018-06-17 03:12,29.9,0,0,0
2018-06-17 03:18,29.9,0,0,0
2018-06-17 03:24,29.9,0,0,0
2018-06-17 03:30,29.9,0,0,0
2018-06-17 03:36,29.9,0,0,0
2018-06-17 03:42,30.0,0,0,0
2018-06-17 03:48,30.0,0,0,0
2018-06-17 03:54,30.0,0,0,0
2018-06-17 04:00,29.9,0,0,0
2018-06-17 04:06,29.9,0,0,0
2018-06-17 04:12,29.9,0,0,0
2018-06-17 04:18,29.9,0,0,0
2018-06-17 04:24,29.9,0,0,0
2018-06-17 04:30,29.9,0,0,0
2018-06-17 04:36,29.9,0,0,0
2018-06-17 04:42,29.9,0,0,0
2018-06-17 04:48,29.9,0,0,0
2018-06-17 04:54,29.9,0,0,0
2018-06-17 05:00,29.9,0,0,0
2018-06-17 05:06,29.9,0,0,0
2018-06-17 05:12,29.9,0,0,0
2018-06-17 05:18,29.9,0,0,0
2018-06-17 05:24,29.9,0,0,0
2018-06-17 05:30,29.9,0,0,0
2018-06-17 05:36,29.9,0,0,0
2018-06-17 05:42,29.9,0,0,0
2018-06-17 05:48,29.9,0,0,0
2018-06-17 05:54,29.9,0,0,0
2018-06-17 06:00,29.9,0,0,0
2018-06-17 06:06,29.9,0,0,0
2018-06-17 06:12,29.9,0,0,0
2018-06-17 06:18,29.9,0,0,0
2018-06-17 06:24,29.9,0,0,0
2018-06-17 06:30,29.9,0,0,0
2018-06-17 06:36,29.9,0,0,0
2018-06-17 06:42,29.9,0,0,0
2018-06-17 06:48,29.9,0,0,0
2018-06-17 06:54,29.9,0,0,0
2018-06-17 07:00,29.9,0,0,0
2018-06-17 07:06,29.9,0,0,0
2018-06-17 07:12,29.9,0,0,0
2018-06-17 07:18,29.9,0,0,0
2018-06-17 07:24,29.9,0,0,0
2018-06-17 07:30,29.9,0,0,0
2018-06-17 07:36,29.9,0,0,0
2018-06-17 07:42,29.9,0,0,0
2018-06-17 07:48,29.9,0,0,0
2018-06-17 07:54,29.9,0,0,0
2018-06-17 08:00,29.9,0,0,0
2018-06-17 08:06,29.9,0,0,0
2018-06-17 08:12,29.9,0,0,0
2018-06-17 08:18,29.9,0,0,0
2018-06-17 08:24,29.9,0,0,0
2018-06-17 08:30,29.9,0,0,0
2018-06-17 08:36,29.9,0,0,0
2018-06-17 08:42,29.9,0,0,0
2018-06-17 08:48,29.9,0,0,0
2018-06-17 08:54,29.9,0,0,0
2018-06-17 09:00,29.9,0,0,0
2018-06-17 09:06,29.9,0,0,0
2018-06-17 09:12,29.9,0,0,0
2018-06-17 09:18,29.9,0,0,0
2018-06-17 09:24,29.9,0,0,0
2018-06-17 09:30,29.9,0,0,0
2018-06-17 09:36,29.9,0,0,0
2018-06-17 09:42,29.9,0,0,0
2018-06-17 09:48,29.9,0,0,0
2018-06-17 09:54,29.9,0,0,0
2018-06-17 10:00,29.9,0,0,0
2018-06-17 10:06,29.9,0,0,0
2018-06-17 10:12,29.9,0,0,0
2018-06-17 10:18,29.9,0,0,0
2018-06-17 10:24,29.9,0,0,0
2018-06-17 10:30,29.9,0,0,0
2018-06-17 10:36,29.9,0,0,0
2018-06-17 10:42,29.9,0,0,0
2018-06-17 10:48,29.9,0,0,0
2018-06-17 10:54,29.9,0,0,0
2018-06-17 11:00,29.9,0,0,0
2018-06-17 11:06,29.9,0,0,0
2018-06-17 11:12,29.9,0,0,0
2018-06-17 11:18,29.9,0,0,0
2018-06-17 11:24,29.9,0,0,0
2018-06-17 11:30,29.9,0,0,0
2018-06-17 11:36,29.9,0,0,0
2018-06-17 11:42,29.9,0,0,0
2018-06-17 11:48,29.9,0,0,0
2018-06-17 11:54,29.9,0,0,0
2018-06-17 12:00,29.9,0,0,0
2018-06-17 12:06,29.9,0,0,0
2018-06-17 12:12,29.9,0,0,0
2018-06-17 12:18,29.9,0,0,0
2018-06-17 12:24,29.9,0,0,0
2018-06-17 12:30,29.9,0,0,0
2018-06-17 12:36,29.9,0,0,0
2018-06-17 12:42,29.9,0,0,0
2018-06-17 12:48,29.9,0,0,0
2018-06-17 12:54,29.9,0,0,0
2018-06-17 13:00,29.9,0,0,0
2018-06-17 13:06,29.9,0,0,0
2018-06-17 13:12,29.9,0,0,0
2018-06-17 13:18,29.9,0,0,0
2018-06-17 13:24,29.9,0,0,0
2018-06-17 13:30,29.9,0,0,0
2018-06-17 13:36,29.9,0,0,0
2018-06-17 13:42,29.9,0,0,0
2018-06-17 13:48,29.9,0,0,0
2018-06-17 13:54,29.9,0,0,0
2018-06-17 14:00,29.9,0,0,0
2018-06-17 14:06,29.9,0,0,0
2018-06-17 14:12,30.0,0,0,0
2018-06-17 14:18,30.0,0,0,0
2018-06-17 14:24,30.0,0,0,0
2018-06-17 14:30,30.0,0,0,0
2018-06-17 14:36,30.0,0,0,0
2018-06-17 14:42,30.0,0,0,0
2018-06-17 14:48,30.0,0,0,0
2018-06-17 14:54,30.1,0,0,0
2018-06-17 15:00,30.1,0,0,0
2018-06-17 15:06,30.1,0,0,0
2018-06-17 15:12,30.2,0,0,0
2018-06-17 15:18,30.2,0,0,0
2018-06-17 15:24,30.2,0,0,0
2018-06-17 15:30,30.2,0,0,0
2018-06-17 15:36,30.3,0,0,0
2018-06-17 15:42,30.3,0,0,0
2018-06-17 15:48,30.3,0,0,0
2018-06-17 15:54,30.4,0,0,0
2018-06-17 16:00,30.4,0,0,0
2018-06-17 16:06,30.4,0,0,0
2018-06-17 16:12,30.4,0,0,0
2018-06-17 16:18,30.5,0,0,0
2018-06-17 16:24,30.5,0,0,0
2018-06-17 16:30,30.5,0,0,0
2018-06-17 16:36,30.5,0,0,0
2018-06-17 16:42,30.5,0,0,0
2018-06-17 16:48,30.5,0,0,0
2018-06-17 16:54,30.6,0,0,0
2018-06-17 17:00,30.6,0,0,0
2018-06-17 17:06,30.6,0,0,0
2018-06-17 17:12,30.5,0,0,0
2018-06-17 17:18,30.5,0,0,0
2018-06-17 17:24,30.5,0,0,0
2018-06-17 17:30,30.6,0,0,0
2018-06-17 17:36,30.6,0,0,0
2018-06-17 17:42,30.6,0,0,0
2018-06-17 17:48,30.5,0,0,0
2018-06-17 17:54,30.5,0,0,0
2018-06-17 18:00,30.5,0,0,0
2018-06-17 18:06,30.5,0,0,0
2018-06-17 18:12,30.5,0,0,0
2018-06-17 18:18,30.6,0,0,0
2018-06-17 18:24,30.6,0,0,0
2018-06-17 18:30,30.5,0,0,0
2018-06-17 18:36,30.5,0,0,0
2018-06-17 18:42,30.5,0,0,0
2018-06-17 18:48,30.4,0,0,0
2018-06-17 18:54,30.4,0,0,0
2018-06-17 19:00,30.4,0,0,0
2018-06-17 19:06,30.5,0,0,0
2018-06-17 19:12,30.5,0,0,0
2018-06-17 19:18,30.5,0,0,0
2018-06-17 19:24,30.5,0,0,0
2018-06-17 19:30,30.5,0,0,0
2018-06-17 19:36,30.5,0,0,0
2018-06-17 19:42,30.5,0,0,0
2018-06-17 19:48,30.5,0,0,0
2018-06-17 19:54,30.5,0,0,0
2018-06-17 20:00,30.6,0,0,0
2018-06-17 20:06,30.6,0,0,0
2018-06-17 20:12,30.6,0,0,0
2018-06-17 20:18,30.6,0,0,0
2018-06-17 20:24,30.6,0,0,0
2018-06-17 20:30,30.6,0,0,0
2018-06-17 20:36,30.7,0,0,0
2018-06-17 20:42,30.7,0,0,0
2018-06-17 20:48,30.7,0,0,0
2018-06-17 20:54,30.7,0,0,0
2018-06-17 21:00,30.7,0,0,0
2018-06-17 21:06,30.7,0,0,0
2018-06-17 21:12,30.7,0,0,0
2018-06-17 21:18,30.6,0,0,0
2018-06-17 21:24,30.6,0,0,0
2018-06-17 21:30,30.6,0,0,0
2018-06-17 21:36,30.6,0,0,0
2018-06-17 21:42,30.6,0,0,0
2018-06-17 21:48,30.6,0,0,0
2018-06-17 21:54,30.6,0,0,0
2018-06-17 22:00,30.6,0,0,0
2018-06-17 22:06,30.6,0,0,0
2018-06-17 22:12,30.6,0,0,0
2018-06-17 22:18,30.6,0,0,0
2018-06-17 22:24,30.6,0,0,0
2018-06-17 22:30,30.6,0,0,0
2018-06-17 22:36,30.6,0,0,0
2018-06-17 22:42,30.6,0,0,0
2018-06-17 22:48,30.6,0,0,0
2018-06-17 22:54,30.6,0,0,0
2018-06-17 23:00,30.6,0,0,0
2018-06-17 23:06,30.6,0,0,0
2018-06-17 23:12,30.6,0,0,0
2018-06-17 23:18,30.5,0,0,0
2018-06-17 23:24,30.5,0,0,0
2018-06-17 23:30,30.5,0,0,0
2018-06-17 23:36,30.5,0,0,0
2018-06-17 23:42,30.5,0,0,0
2018-06-17 23:48,30.5,0,0,0
2018-06-17 23:54,30.5,0,0,0
2018-06-18 00:00,30.5,0,0,0
2018-06-18 00:06,30.5,0,0,0
2018-06-18 00:12,30.5,0,0,0
2018-06-18 00:18,30.5,0,0,0
2018-06-18 00:24,30.5,0,0,0
2018-06-18 00:30,30.5,0,0,0
2018-06-18 00:36,30.5,0,0,0
2018-06-18 00:42,30.5,0,0,0
2018-06-18 00:48,30.5,0,0,0
2018-06-18 00:54,30.5,0,0,0
2018-06-18 01:00,30.4,0,0,0
2018-06-18 01:06,30.4,0,0,0
2018-06-18 01:12,30.4,0,0,0
2018-06-18 01:18,30.4,0,0,0
2018-06-18 01:24,30.4,0,0,0
2018-06-18 01:30,30.4,0,0,0
2018-06-18 01:36,30.4,0,0,0
2018-06-18 01:42,30.4,0,0,0
2018-06-18 01:48,30.4,0,0,0
2018-06-18 01:54,30.3,0,0,0
2018-06-18 02:00,30.3,0,0,0
2018-06-18 02:06,30.3,0,0,0
2018-06-18 02:12,30.3,0,0,0
2018-06-18 02:18,30.3,0,0,0
2018-06-18 02:24,30.2,0,0,0
2018-06-18 02:30,30.2,0,0,0
2018-06-18 02:36,30.2,0,0,0
2018-06-18 02:42,30.3,0,0,0
2018-06-18 02:48,30.3,0,0,0
2018-06-18 02:54,30.3,0,0,0
2018-06-18 03:00,30.3,0,0,0
2018-06-18 03:06,30.3,0,0,0
2018-06-18 03:12,30.4,0,0,0
2018-06-18 03:18,30.4,0,0,0
2018-06-18 03:24,30.4,0,0,0
2018-06-18 03:30,30.4,0,0,0
2018-06-18 03:36,30.4,0,0,0
2018-06-18 03:42,30.4,0,0,0
2018-06-18 03:48,30.4,0,0,0
2018-06-18 03:54,30.4,0,0,0
2018-06-18 04:00,30.4,0,0,0
2018-06-18 04:06,30.4,0,0,0
2018-06-18 04:12,30.4,0,0,0
2018-06-18 04:18,30.4,0,0,0
2018-06-18 04:24,30.4,0,0,0
2018-06-18 04:30,30.4,0,0,0
2018-06-18 04:36,30.4,0,0,0
2018-06-18 04:42,30.4,0,0,0
2018-06-18 04:48,30.4,0,0,0
2018-06-18 04:54,30.4,0,0,0
2018-06-18 05:00,30.4,0,0,0
2018-06-18 05:06,30.4,0,0,0
2018-06-18 05:12,30.4,0,0,0
2018-06-18 05:18,30.4,0,0,0
2018-06-18 05:24,30.4,0,0,0
2018-06-18 05:30,30.4,0,0,0
2018-06-18 05:36,30.4,0,0,0
2018-06-18 05:42,30.4,0,0,0
2018-06-18 05:48,30.4,0,0,0
2018-06-18 05:54,30.4,0,0,0
2018-06-18 06:00,30.4,0,0,0
2018-06-18 06:06,30.4,0,0,0
2018-06-18 06:12,30.4,0,0,0
2018-06-18 06:18,30.3,0,0,0
2018-06-18 06:24,30.3,0,0,0
2018-06-18 06:30,30.3,0,0,0
2018-06-18 06:36,30.3,0,0,0
2018-06-18 06:42,30.3,0,0,0
2018-06-18 06:48,30.3,0,0,0
2018-06-18 06:54,30.4,0,0,0
2018-06-18 07:00,30.4,0,0,0
2018-06-18 07:06,30.4,0,0,0
2018-06-18 07:12,30.4,0,0,0
2018-06-18 07:18,30.4,0,0,0
2018-06-18 07:24,30.3,0,0,0
2018-06-18 07:30,30.3,0,0,0
2018-06-18 07:36,30.3,0,0,0
2018-06-18 07:42,30.3,0,0,0
2018-06-18 07:48,30.3,0,0,0
2018-06-18 07:54,30.3,0,0,0
2018-06-18 08:00,30.3,0,0,0
2018-06-18 08:06,30.3,0,0,0
2018-06-18 08:12,30.3,0,0,0
2018-06-18 08:18,30.3,0,0,0
2018-06-18 08:24,30.3,0,0,0
2018-06-18 08:30,30.3,0,0,0
2018-06-18 08:36,30.3,0,0,0
2018-06-18 08:42,30.3,0,0,0
2018-06-18 08:48,30.3,0,0,0
2018-06-18 08:54,30.2,0,0,0
2018-06-18 09:00,30.2,0,0,0
2018-06-18 09:06,30.2,0,0,0
2018-06-18 09:12,30.2,0,0,0
2018-06-18 09:18,30.2,0,0,0
2018-06-18 09:24,30.2,0,0,0
2018-06-18 09:30,30.2,0,0,0
2018-06-18 09:36,30.2,0,0,0
2018-06-18 09:42,30.2,0,0,0
2018-06-18 09:48,30.2,0,0,0
2018-06-18 09:54,30.2,0,0,0
2018-06-18 10:00,30.2,0,0,0
2018-06-18 10:06,30.2,0,0,0
2018-06-18 10:12,30.2,0,0,0
2018-06-18 10:18,30.2,0,0,0
2018-06-18 10:24,30.2,0,0,0
2018-06-18 10:30,30.2,0,0,0
2018-06-18 10:36,30.2,0,0,0
2018-06-18 10:42,30.2,0,0,0
2018-06-18 10:48,30.2,0,0,0
2018-06-18 10:54,30.2,0,0,0
2018-06-18 11:00,30.2,0,0,0
2018-06-18 11:06,30.2,0,0,0
2018-06-18 11:12,30.2,0,0,0
2018-06-18 11:18,30.2,0,0,0
2018-06-18 11:24,30.2,0,0,0
2018-06-18 11:30,30.2,0,0,0
2018-06-18 11:36,30.1,0,0,0
2018-06-18 11:42,30.1,0,0,0
2018-06-18 11:48,30.1,0,0,0
2018-06-18 11:54,30.1,0,0,0
2018-06-18 12:00,30.1,0,0,0
2018-06-18 12:06,30.1,0,0,0
2018-06-18 12:12,30.1,0,0,0
2018-06-18 12:18,30.1,0,0,0
2018-06-18 12:24,30.1,0,0,0
2018-06-18 12:30,30.0,0,0,0
2018-06-18 12:36,30.0,0,0,0
2018-06-18 12:42,30.0,0,0,0
2018-06-18 12:48,30.0,0,0,0
2018-06-18 12:54,30.0,0,0,0
2018-06-18 13:00,30.0,0,0,0
2018-06-18 13:06,30.0,0,0,0
2018-06-18 13:12,30.0,0,0,0
2018-06-18 13:18,30.0,0,0,0
2018-06-18 13:24,30.0,0,0,0
2018-06-18 13:30,30.0,0,0,0
2018-06-18 13:36,30.0,0,0,0
2018-06-18 13:42,30.0,0,0,0
2018-06-18 13:48,30.0,0,0,0
2018-06-18 13:54,30.0,0,0,0
2018-06-18 14:00,30.0,0,0,0
2018-06-18 14:06,30.0,0,0,0
2018-06-18 14:12,30.0,0,0,0
2018-06-18 14:18,30.1,0,0,0
2018-06-18 14:24,30.1,0,0,0
2018-06-18 14:30,30.1,0,0,0
2018-06-18 14:36,30.1,0,0,0
2018-06-18 14:42,30.2,0,0,0
2018-06-18 14:48,30.2,0,0,0
2018-06-18 14:54,30.2,0,0,0
2018-06-18 15:00,30.3,0,0,0
2018-06-18 15:06,30.3,0,0,0
2018-06-18 15:12,30.3,0,0,0
2018-06-18 15:18,30.3,0,0,0
2018-06-18 15:24,30.3,0,0,0
2018-06-18 15:30,30.4,0,0,0
2018-06-18 15:36,30.4,0,0,0
2018-06-18 15:42,30.5,0,0,0
2018-06-18 15:48,30.5,0,0,0
2018-06-18 15:54,30.5,0,0,0
2018-06-18 16:00,30.6,0,0,0
2018-06-18 16:06,30.6,0,0,0
2018-06-18 16:12,30.7,0,0,0
2018-06-18 16:18,30.7,0,0,0
2018-06-18 16:24,30.7,0,0,0
2018-06-18 16:30,30.7,0,0,0
2018-06-18 16:36,30.7,0,0,0
2018-06-18 16:42,30.8,0,0,0
2018-06-18 16:48,30.8,0,0,0
2018-06-18 16:54,30.8,0,0,0
2018-06-18 17:00,30.8,0,0,0
2018-06-18 17:06,30.8,0,0,0
2018-06-18 17:12,30.9,0,0,0
2018-06-18 17:18,30.9,0,0,0
2018-06-18 17:24,30.9,0,0,0
2018-06-18 17:30,30.9,0,0,0
2018-06-18 17:36,30.9,0,0,0
2018-06-18 17:42,30.9,0,0,0
2018-06-18 17:48,31.0,0,0,0
2018-06-18 17:54,31.0,0,0,0
2018-06-18 18:00,31.0,0,0,0
2018-06-18 18:06,31.0,0,0,0
2018-06-18 18:12,31.0,0,0,0
2018-06-18 18:18,31.0,0,0,0
2018-06-18 18:24,31.0,0,0,0
2018-06-18 18:30,31.0,0,0,0
2018-06-18 18:36,31.1,0,0,0
2018-06-18 18:42,31.1,0,0,0
2018-06-18 18:48,31.2,0,0,0
2018-06-18 18:54,31.2,0,0,0
2018-06-18 19:00,31.2,0,0,0
2018-06-18 19:06,31.2,0,0,0
2018-06-18 19:12,31.1,0,0,0
2018-06-18 19:18,31.1,0,0,0
2018-06-18 19:24,31.1,0,0,0
2018-06-18 19:30,31.1,0,0,0
2018-06-18 19:36,31.0,0,0,0
2018-06-18 19:42,31.0,0,0,0
2018-06-18 19:48,30.9,0,0,0
2018-06-18 19:54,30.9,0,0,0
2018-06-18 20:00,30.9,0,0,0
2018-06-18 20:06,30.9,0,0,0
2018-06-18 20:12,30.9,0,0,0
2018-06-18 20:18,30.9,0,0,0
2018-06-18 20:24,30.9,0,0,0
2018-06-18 20:30,30.9,0,0,0
2018-06-18 20:36,30.9,0,0,0
2018-06-18 20:42,31.0,0,0,0
2018-06-18 20:48,31.0,0,0,0
2018-06-18 20:54,31.0,0,0,0
2018-06-18 21:00,31.0,0,0,0
2018-06-18 21:06,31.0,0,0,0
2018-06-18 21:12,31.0,0,0,0
2018-06-18 21:18,31.0,0,0,0
2018-06-18 21:24,31.1,0,0,0
2018-06-18 21:30,31.1,0,0,0
2018-06-18 21:36,31.1,0,0,0
2018-06-18 21:42,31.1,0,0,0
2018-06-18 21:48,31.1,0,0,0
2018-06-18 21:54,31.1,0,0,0
2018-06-18 22:00,31.1,0,0,0
2018-06-18 22:06,31.1,0,0,0
2018-06-18 22:12,31.1,0,0,0
2018-06-18 22:18,31.1,0,0,0
2018-06-18 22:24,31.1,0,0,0
2018-06-18 22:30,31.1,0,0,0
2018-06-18 22:36,31.1,0,0,0
2018-06-18 22:42,31.1,0,0,0
2018-06-18 22:48,31.1,0,0,0
2018-06-18 22:54,31.1,0,0,0
2018-06-18 23:00,31.1,0,0,0
2018-06-18 23:06,31.1,0,0,0
2018-06-18 23:12,31.1,0,0,0
2018-06-18 23:18,31.1,0,0,0
2018-06-18 23:24,31.1,0,0,0
2018-06-18 23:30,31.1,0,0,0
2018-06-18 23:36,31.1,0,0,0
2018-06-18 23:42,31.1,0,0,0
2018-06-18 23:48,31.1,0,0,0
2018-06-18 23:54,31.1,0,0,0
2018-06-19 00:00,31.1,0,0,0
2018-06-19 00:06,31.1,0,0,0
2018-06-19 00:12,31.1,0,0,0
2018-06-19 00:18,31.1,0,0,0
2018-06-19 00:24,31.0,0,0,0
2018-06-19 00:30,31.0,0,0,0
2018-06-19 00:36,31.0,0,0,0
2018-06-19 00:42,31.0,0,0,0
2018-06-19 00:48,31.0,0,0,0
2018-06-19 00:54,31.0,0,0,0
2018-06-19 01:00,30.9,0,0,0
2018-06-19 01:06,30.9,0,0,0
2018-06-19 01:12,30.9,0,0,0
2018-06-19 01:18,30.9,0,0,0
2018-06-19 01:24,30.9,0,0,0
2018-06-19 01:30,30.9,0,0,0
2018-06-19 01:36,30.9,0,0,0
2018-06-19 01:42,30.8,0,0,0
2018-06-19 01:48,30.8,0,0,0
2018-06-19 01:54,30.8,0,0,0
2018-06-19 02:00,30.8,0,0,0
2018-06-19 02:06,30.8,0,0,0
2018-06-19 02:12,30.8,0,0,0
2018-06-19 02:18,30.8,0,0,0
2018-06-19 02:24,30.8,0,0,0
2018-06-19 02:30,30.8,0,0,0
2018-06-19 02:36,30.8,0,0,0
2018-06-19 02:42,30.8,0,0,0
2018-06-19 02:48,30.7,0,0,0
2018-06-19 02:54,30.7,0,0,0
2018-06-19 03:00,30.7,0,0,0
2018-06-19 03:06,30.7,0,0,0
2018-06-19 03:12,30.7,0,0,0
2018-06-19 03:18,30.6,0,0,0
2018-06-19 03:24,30.6,0,0,0
2018-06-19 03:30,30.7,0,0,0
2018-06-19 03:36,30.7,0,0,0
2018-06-19 03:42,30.7,0,0,0
2018-06-19 03:48,30.7,0,0,0
2018-06-19 03:54,30.7,0,0,0
2018-06-19 04:00,30.7,0,0,0
2018-06-19 04:06,30.7,0,0,0
2018-06-19 04:12,30.7,0,0,0
2018-06-19 04:18,30.7,0,0,0
2018-06-19 04:24,30.7,0,0,0
2018-06-19 04:30,30.7,0,0,0
2018-06-19 04:36,30.7,0,0,0
2018-06-19 04:42,30.6,0,0,0
2018-06-19 04:48,30.6,0,0,0
2018-06-19 04:54,30.6,0,0,0
2018-06-19 05:00,30.6,0,0,0
2018-06-19 05:06,30.6,0,0,0
2018-06-19 05:12,30.6,0,0,0
2018-06-19 05:18,30.6,0,0,0
2018-06-19 05:24,30.5,0,0,0
2018-06-19 05:30,30.5,0,0,0
2018-06-19 05:36,30.5,0,0,0
2018-06-19 05:42,30.5,0,0,0
2018-06-19 05:48,30.5,0,0,0
2018-06-19 05:54,30.5,0,0,0
2018-06-19 06:00,30.5,0,0,0
2018-06-19 06:06,30.4,0,0,0
2018-06-19 06:12,30.4,0,0,0
2018-06-19 06:18,30.4,0,0,0
2018-06-19 06:24,30.4,0,0,0
2018-06-19 06:30,30.4,0,0,0
2018-06-19 06:36,30.4,0,0,0
2018-06-19 06:42,30.4,0,0,0
2018-06-19 06:48,30.4,0,0,0
2018-06-19 06:54,30.4,0,0,0
2018-06-19 07:00,30.4,0,0,0
2018-06-19 07:06,30.4,0,0,0
2018-06-19 07:12,30.4,0,0,0
2018-06-19 07:18,30.4,0,0,0
2018-06-19 07:24,30.4,0,0,0
2018-06-19 07:30,30.4,0,0,0
2018-06-19 07:36,30.5,0,0,0
2018-06-19 07:42,30.5,0,0,0
2018-06-19 07:48,30.5,0,0,0
2018-06-19 07:54,30.5,0,0,0
2018-06-19 08:00,30.5,0,0,0
2018-06-19 08:06,30.5,0,0,0
2018-06-19 08:12,30.5,0,0,0
2018-06-19 08:18,30.5,0,0,0
2018-06-19 08:24,30.5,0,0,0
2018-06-19 08:30,30.5,0,0,0
2018-06-19 08:36,30.5,0,0,0
2018-06-19 08:42,30.5,0,0,0
2018-06-19 08:48,30.5,0,0,0
2018-06-19 08:54,30.5,0,0,0
2018-06-19 09:00,30.5,0,0,0
2018-06-19 09:06,30.5,0,0,0
2018-06-19 09:12,30.5,0,0,0
2018-06-19 09:18,30.5,0,0,0
2018-06-19 09:24,30.5,0,0,0
2018-06-19 09:30,30.5,0,0,0
2018-06-19 09:36,30.5,0,0,0
2018-06-19 09:42,30.4,0,0,0
2018-06-19 09:48,30.4,0,0,0
2018-06-19 09:54,30.4,0,0,0
2018-06-19 10:00,30.4,0,0,0
2018-06-19 10:06,30.4,0,0,0
2018-06-19 10:12,30.4,0,0,0
2018-06-19 10:18,30.5,0,0,0
2018-06-19 10:24,30.5,0,0,0
2018-06-19 10:30,30.5,0,0,0
2018-06-19 10:36,30.5,0,0,0
2018-06-19 10:42,30.5,0,0,0
2018-06-19 10:48,30.5,0,0,0
2018-06-19 10:54,30.5,0,0,0
2018-06-19 11:00,30.5,0,0,0
2018-06-19 11:06,30.5,0,0,0
2018-06-19 11:12,30.5,0,0,0
2018-06-19 11:18,30.5,0,0,0
2018-06-19 11:24,30.5,0,0,0
2018-06-19 11:30,30.5,0,0,0
2018-06-19 11:36,30.5,0,0,0
2018-06-19 11:42,30.5,0,0,0
2018-06-19 11:48,30.5,0,0,0
2018-06-19 11:54,30.5,0,0,0
2018-06-19 12:00,30.5,0,0,0
2018-06-19 12:06,30.4,0,0,0
2018-06-19 12:12,30.4,0,0,0
2018-06-19 12:18,30.4,0,0,0
2018-06-19 12:24,30.4,0,0,0
2018-06-19 12:30,30.4,0,0,0
2018-06-19 12:36,30.4,0,0,0
2018-06-19 12:42,30.4,0,0,0
2018-06-19 12:48,30.4,0,0,0
2018-06-19 12:54,30.4,0,0,0
2018-06-19 13:00,30.4,0,0,0
2018-06-19 13:06,30.4,0,0,0
2018-06-19 13:12,30.4,0,0,0
2018-06-19 13:18,30.4,0,0,0
2018-06-19 13:24,30.3,0,0,0
2018-06-19 13:30,30.3,0,0,0
2018-06-19 13:36,30.3,0,0,0
2018-06-19 13:42,30.3,0,0,0
2018-06-19 13:48,30.3,0,0,0
2018-06-19 13:54,30.3,0,0,0
2018-06-19 14:00,30.3,0,0,0
2018-06-19 14:06,30.3,0,0,0
2018-06-19 14:12,30.4,0,0,0
2018-06-19 14:18,30.4,0,0,0
2018-06-19 14:24,30.3,0,0,0
2018-06-19 14:30,30.3,0,0,0
2018-06-19 14:36,30.3,0,0,0
2018-06-19 14:42,30.3,0,0,0
2018-06-19 14:48,30.3,0,0,0
2018-06-19 14:54,30.3,0,0,0
2018-06-19 15:00,30.3,0,0,0
2018-06-19 15:06,30.4,0,0,0
2018-06-19 15:12,30.4,0,0,0
2018-06-19 15:18,30.4,0,0,0
2018-06-19 15:24,30.4,0,0,0
2018-06-19 15:30,30.5,0,0,0
2018-06-19 15:36,30.5,0,0,0
2018-06-19 15:42,30.5,0,0,0
2018-06-19 15:48,30.5,0,0,0
2018-06-19 15:54,30.6,0,0,0
2018-06-19 16:00,30.6,0,0,0
2018-06-19 16:06,30.6,0,0,0
2018-06-19 16:12,30.6,0,0,0
2018-06-19 16:18,30.6,0,0,0
2018-06-19 16:24,30.5,0,0,0
2018-06-19 16:30,30.4,0,0,0
2018-06-19 16:36,30.3,0,0,0
2018-06-19 16:42,30.3,0,0,0
2018-06-19 16:48,30.3,0,0,0
2018-06-19 16:54,30.2,0,0,0
2018-06-19 17:00,30.2,0,0,0
2018-06-19 17:06,30.2,0,0,0
2018-06-19 17:12,30.2,0,0,0
2018-06-19 17:18,30.2,0,0,0
2018-06-19 17:24,30.2,0,0,0
2018-06-19 17:30,30.3,0,0,0
2018-06-19 17:36,30.3,0,0,0
2018-06-19 17:42,30.3,0,0,0
2018-06-19 17:48,30.3,0,0,0
2018-06-19 17:54,30.3,0,0,0
2018-06-19 18:00,30.3,0,0,0
2018-06-19 18:06,30.4,0,0,0
2018-06-19 18:12,30.4,0,0,0
2018-06-19 18:18,30.4,0,0,0
2018-06-19 18:24,30.4,0,0,0
2018-06-19 18:30,30.4,0,0,0
2018-06-19 18:36,30.4,0,0,0
2018-06-19 18:42,30.4,0,0,0
2018-06-19 18:48,30.4,0,0,0
2018-06-19 18:54,30.4,0,0,0
2018-06-19 19:00,30.4,0,0,0
2018-06-19 19:06,30.4,0,0,0
2018-06-19 19:12,30.4,0,0,0
2018-06-19 19:18,30.4,0,0,0
2018-06-19 19:24,30.4,0,0,0
2018-06-19 19:30,30.4,0,0,0
2018-06-19 19:36,30.4,0,0,0
2018-06-19 19:42,30.4,0,0,0
2018-06-19 19:48,30.4,0,0,0
2018-06-19 19:54,30.4,0,0,0
2018-06-19 20:00,30.5,0,0,0
2018-06-19 20:06,30.5,0,0,0
2018-06-19 20:12,30.6,0,0,0
2018-06-19 20:18,30.6,0,0,0
2018-06-19 20:24,30.6,0,0,0
2018-06-19 20:30,30.6,0,0,0
2018-06-19 20:36,30.6,0,0,0
2018-06-19 20:42,30.5,0,0,0
2018-06-19 20:48,30.5,0,0,0
2018-06-19 20:54,30.5,0,0,0
2018-06-19 21:00,30.5,0,0,0
2018-06-19 21:06,30.5,0,0,0
2018-06-19 21:12,30.5,0,0,0
2018-06-19 21:18,30.5,0,0,0
2018-06-19 21:24,30.5,0,0,0
2018-06-19 21:30,30.5,0,0,0
2018-06-19 21:36,30.5,0,0,0
2018-06-19 21:42,30.5,0,0,0
2018-06-19 21:48,30.5,0,0,0
2018-06-19 21:54,30.5,0,0,0
2018-06-19 22:00,30.5,0,0,0
2018-06-19 22:06,30.5,0,0,0
2018-06-19 22:12,30.5,0,0,0
2018-06-19 22:18,30.5,0,0,0
2018-06-19 22:24,30.6,0,0,0
2018-06-19 22:30,30.6,0,0,0
2018-06-19 22:36,30.6,0,0,0
2018-06-19 22:42,30.6,0,0,0
2018-06-19 22:48,30.6,0,0,0
2018-06-19 22:54,30.6,0,0,0
2018-06-19 23:00,30.6,0,0,0
2018-06-19 23:06,30.6,0,0,0
2018-06-19 23:12,30.6,0,0,0
2018-06-19 23:18,30.6,0,0,0
2018-06-19 23:24,30.6,0,0,0
2018-06-19 23:30,30.6,0,0,0
2018-06-19 23:36,30.6,0,0,0
2018-06-19 23:42,30.6,0,0,0
2018-06-19 23:48,30.6,0,0,0
2018-06-19 23:54,30.7,0,0,0
2018-06-20 00:00,30.7,0,0,0
2018-06-20 00:06,30.7,0,0,0
2018-06-20 00:12,30.7,0,0,0
2018-06-20 00:18,30.7,0,0,0
2018-06-20 00:24,30.7,0,0,0
2018-06-20 00:30,30.7,0,0,0
2018-06-20 00:36,30.7,0,0,0
2018-06-20 00:42,30.7,0,0,0
2018-06-20 00:48,30.7,0,0,0
2018-06-20 00:54,30.7,0,0,0
2018-06-20 01:00,30.7,0,0,0
2018-06-20 01:06,30.7,0,0,0
2018-06-20 01:12,30.7,0,0,0
2018-06-20 01:18,30.7,0,0,0
2018-06-20 01:24,30.7,0,0,0
2018-06-20 01:30,30.7,0,0,0
2018-06-20 01:36,30.7,0,0,0
2018-06-20 01:42,30.7,0,0,0
2018-06-20 01:48,30.7,0,0,0
2018-06-20 01:54,30.7,0,0,0
2018-06-20 02:00,30.6,0,0,0
2018-06-20 02:06,30.6,0,0,0
2018-06-20 02:12,30.6,0,0,0
2018-06-20 02:18,30.6,0,0,0
2018-06-20 02:24,30.6,0,0,0
2018-06-20 02:30,30.6,0,0,0
2018-06-20 02:36,30.6,0,0,0
2018-06-20 02:42,30.6,0,0,0
2018-06-20 02:48,30.6,0,0,0
2018-06-20 02:54,30.6,0,0,0
2018-06-20 03:00,30.6,0,0,0
2018-06-20 03:06,30.6,0,0,0
2018-06-20 03:12,30.6,0,0,0
2018-06-20 03:18,30.6,0,0,0
2018-06-20 03:24,30.6,0,0,0
2018-06-20 03:30,30.5,0,0,0
2018-06-20 03:36,30.5,0,0,0
2018-06-20 03:42,30.5,0,0,0
2018-06-20 03:48,30.5,0,0,0
2018-06-20 03:54,30.4,0,0,0
2018-06-20 04:00,30.4,0,0,0
2018-06-20 04:06,30.4,0,0,0
2018-06-20 04:12,30.4,0,0,0
2018-06-20 04:18,30.4,0,0,0
2018-06-20 04:24,30.3,0,0,0
2018-06-20 04:30,30.3,0,0,0
2018-06-20 04:36,30.3,0,0,0
2018-06-20 04:42,30.3,0,0,0
2018-06-20 04:48,30.3,0,0,0
2018-06-20 04:54,30.3,0,0,0
2018-06-20 05:00,30.2,0,0,0
2018-06-20 05:06,30.2,0,0,0
2018-06-20 05:12,30.2,0,0,0
2018-06-20 05:18,30.2,0,0,0
2018-06-20 05:24,30.2,0,0,0
2018-06-20 05:30,30.2,0,0,0
2018-06-20 05:36,30.2,0,0,0
2018-06-20 05:42,30.1,0,0,0
2018-06-20 05:48,30.1,0,0,0
2018-06-20 05:54,30.1,0,0,0
2018-06-20 06:00,30.1,0,0,0
2018-06-20 06:06,30.1,0,0,0
2018-06-20 06:12,30.1,0,0,0
2018-06-20 06:18,30.0,0,0,0
2018-06-20 06:24,30.0,0,0,0
2018-06-20 06:30,30.0,0,0,0
2018-06-20 06:36,30.0,0,0,0
2018-06-20 06:42,30.0,0,0,0
2018-06-20 06:48,30.0,0,0,0
2018-06-20 06:54,30.0,0,0,0
2018-06-20 07:00,30.0,0,0,0
2018-06-20 07:06,29.9,0,0,0
2018-06-20 07:12,29.9,0,0,0
2018-06-20 07:18,29.9,0,0,0
2018-06-20 07:24,29.9,0,0,0
2018-06-20 07:30,29.9,0,0,0
2018-06-20 07:36,29.9,0,0,0
2018-06-20 07:42,29.9,0,0,0
2018-06-20 07:48,29.9,0,0,0
2018-06-20 07:54,29.9,0,0,0
2018-06-20 08:00,29.9,0,0,0
2018-06-20 08:06,29.9,0,0,0
2018-06-20 08:12,29.9,0,0,0
2018-06-20 08:18,30.0,0,0,0
2018-06-20 08:24,30.0,0,0,0
2018-06-20 08:30,30.0,0,0,0
2018-06-20 08:36,30.0,0,0,0
2018-06-20 08:42,30.0,0,0,0
2018-06-20 08:48,30.0,0,0,0
2018-06-20 08:54,30.0,0,0,0
2018-06-20 09:00,30.0,0,0,0
2018-06-20 09:06,30.0,0,0,0
2018-06-20 09:12,30.0,0,0,0
2018-06-20 09:18,30.0,0,0,0
2018-06-20 09:24,30.0,0,0,0
2018-06-20 09:30,30.0,0,0,0
2018-06-20 09:36,30.0,0,0,0
2018-06-20 09:42,30.0,0,0,0
2018-06-20 09:48,30.0,0,0,0
2018-06-20 09:54,30.0,0,0,0
2018-06-20 10:00,30.0,0,0,0
2018-06-20 10:06,30.0,0,0,0
2018-06-20 10:12,30.0,0,0,0
2018-06-20 10:18,30.0,0,0,0
2018-06-20 10:24,30.0,0,0,0
2018-06-20 10:30,30.1,0,0,0
2018-06-20 10:36,30.1,0,0,0
2018-06-20 10:42,30.1,0,0,0
2018-06-20 10:48,30.1,0,0,0
2018-06-20 10:54,30.1,0,0,0
2018-06-20 11:00,30.1,0,0,0
2018-06-20 11:06,30.1,0,0,0
2018-06-20 11:12,30.1,0,0,0
2018-06-20 11:18,30.1,0,0,0
2018-06-20 11:24,30.1,0,0,0
2018-06-20 11:30,30.1,0,0,0
2018-06-20 11:36,30.1,0,0,0
2018-06-20 11:42,30.1,0,0,0
2018-06-20 11:48,30.1,0,0,0
2018-06-20 11:54,30.1,0,0,0
2018-06-20 12:00,30.1,0,0,0
2018-06-20 12:06,30.1,0,0,0
2018-06-20 12:12,30.1,0,0,0
2018-06-20 12:18,30.1,0,0,0
2018-06-20 12:24,30.1,0,0,0
2018-06-20 12:30,30.1,0,0,0
2018-06-20 12:36,30.1,0,0,0
2018-06-20 12:42,30.1,0,0,0
2018-06-20 12:48,30.1,0,0,0
2018-06-20 12:54,30.1,0,0,0
2018-06-20 13:00,30.2,0,0,0
2018-06-20 13:06,30.2,0,0,0
2018-06-20 13:12,30.2,0,0,0
2018-06-20 13:18,30.2,0,0,0
2018-06-20 13:24,30.2,0,0,0
2018-06-20 13:30,30.2,0,0,0
2018-06-20 13:36,30.2,0,0,0
2018-06-20 13:42,30.2,0,0,0
2018-06-20 13:48,30.2,0,0,0
2018-06-20 13:54,30.2,0,0,0
2018-06-20 14:00,30.2,0,0,0
2018-06-20 14:06,30.2,0,0,0
2018-06-20 14:12,30.2,0,0,0
2018-06-20 14:18,30.2,0,0,0
2018-06-20 14:24,30.3,0,0,0
2018-06-20 14:30,30.3,0,0,0
2018-06-20 14:36,30.3,0,0,0
2018-06-20 14:42,30.3,0,0,0
2018-06-20 14:48,30.3,0,0,0
2018-06-20 14:54,30.4,0,0,0
2018-06-20 15:00,30.4,0,0,0
2018-06-20 15:06,30.4,0,0,0
2018-06-20 15:12,30.4,0,0,0
2018-06-20 15:18,30.4,0,0,0
2018-06-20 15:24,30.4,0,0,0
2018-06-20 15:30,30.4,0,0,0
2018-06-20 15:36,30.4,0,0,0
2018-06-20 15:42,30.4,0,0,0
2018-06-20 15:48,30.4,0,0,0
2018-06-20 15:54,30.5,0,0,0
2018-06-20 16:00,30.5,0,0,0
2018-06-20 16:06,30.5,0,0,0
2018-06-20 16:12,30.6,0,0,0
2018-06-20 16:18,30.7,0,0,0
2018-06-20 16:24,30.7,0,0,0
2018-06-20 16:30,30.8,0,0,0
2018-06-20 16:36,30.8,0,0,0
2018-06-20 16:42,30.9,0,0,0
2018-06-20 16:48,31.0,0,0,0
2018-06-20 16:54,31.0,0,0,0
2018-06-20 17:00,31.1,0,0,0
2018-06-20 17:06,31.2,0,0,0
2018-06-20 17:12,31.2,0,0,0
2018-06-20 17:18,31.1,0,0,0
2018-06-20 17:24,31.0,0,0,0
2018-06-20 17:30,31.0,0,0,0
2018-06-20 17:36,30.8,0,0,0
2018-06-20 17:42,30.8,0,0,0
2018-06-20 17:48,30.8,0,0,0
2018-06-20 17:54,30.8,0,0,0
2018-06-20 18:00,30.8,0,0,0
2018-06-20 18:06,30.9,0,0,0
2018-06-20 18:12,30.9,0,0,0
2018-06-20 18:18,30.9,0,0,0
2018-06-20 18:24,31.0,0,0,0
2018-06-20 18:30,30.9,0,0,0
2018-06-20 18:36,30.9,0,0,0
2018-06-20 18:42,30.9,0,0,0
2018-06-20 18:48,30.9,0,0,0
2018-06-20 18:54,30.9,0,0,0
2018-06-20 19:00,30.8,0,0,0
2018-06-20 19:06,30.8,0,0,0
2018-06-20 19:12,30.8,0,0,0
2018-06-20 19:18,30.8,0,0,0
2018-06-20 19:24,30.8,0,0,0
2018-06-20 19:30,30.8,0,0,0
2018-06-20 19:36,30.8,0,0,0
2018-06-20 19:42,30.8,0,0,0
2018-06-20 19:48,30.8,0,0,0
2018-06-20 19:54,30.8,0,0,0
2018-06-20 20:00,30.8,0,0,0
2018-06-20 20:06,30.7,0,0,0
2018-06-20 20:12,30.7,0,0,0
2018-06-20 20:18,30.7,0,0,0
2018-06-20 20:24,30.7,0,0,0
2018-06-20 20:30,30.7,0,0,0
2018-06-20 20:36,30.7,0,0,0
2018-06-20 20:42,30.7,0,0,0
2018-06-20 20:48,30.7,0,0,0
2018-06-20 20:54,30.8,0,0,0
2018-06-20 21:00,30.8,0,0,0
2018-06-20 21:06,30.9,0,0,0
2018-06-20 21:12,30.9,0,0,0
2018-06-20 21:18,30.9,0,0,0
2018-06-20 21:24,30.9,0,0,0
2018-06-20 21:30,30.9,0,0,0
2018-06-20 21:36,30.9,0,0,0
2018-06-20 21:42,30.9,0,0,0
2018-06-20 21:48,30.9,0,0,0
2018-06-20 21:54,30.9,0,0,0
2018-06-20 22:00,30.9,0,0,0
2018-06-20 22:06,30.9,0,0,0
2018-06-20 22:12,30.9,0,0,0
2018-06-20 22:18,30.9,0,0,0
2018-06-20 22:24,30.9,0,0,0
2018-06-20 22:30,30.9,0,0,0
2018-06-20 22:36,30.9,0,0,0
2018-06-20 22:42,30.9,0,0,0
2018-06-20 22:48,30.9,0,0,0
2018-06-20 22:54,30.9,0,0,0
2018-06-20 23:00,30.9,0,0,0
2018-06-20 23:06,30.9,0,0,0
2018-06-20 23:12,30.9,0,0,0
2018-06-20 23:18,31.0,0,0,0
2018-06-20 23:24,31.0,0,0,0
2018-06-20 23:30,31.0,0,0,0
2018-06-20 23:36,31.0,0,0,0
2018-06-20 23:42,31.0,0,0,0
2018-06-20 23:48,31.0,0,0,0
2018-06-20 23:54,31.0,0,0,0
2018-06-21 00:00,31.1,0,0,0
2018-06-21 00:06,31.1,0,0,0
2018-06-21 00:12,31.1,0,0,0
2018-06-21 00:18,31.1,0,0,0
2018-06-21 00:24,31.1,0,0,0
2018-06-21 00:30,31.1,0,0,0
2018-06-21 00:36,31.1,0,0,0
2018-06-21 00:42,31.1,0,0,0
2018-06-21 00:48,31.1,0,0,0
2018-06-21 00:54,31.1,0,0,0
2018-06-21 01:00,31.1,0,0,0
2018-06-21 01:06,31.1,0,0,0
2018-06-21 01:12,31.1,0,0,0
2018-06-21 01:18,31.1,0,0,0
2018-06-21 01:24,31.1,0,0,0
2018-06-21 01:30,31.1,0,0,0
2018-06-21 01:36,31.1,0,0,0
2018-06-21 01:42,31.1,0,0,0
2018-06-21 01:48,31.1,0,0,0
2018-06-21 01:54,31.1,0,0,0
2018-06-21 02:00,31.1,0,0,0
2018-06-21 02:06,31.1,0,0,0
2018-06-21 02:12,31.1,0,0,0
2018-06-21 02:18,31.1,0,0,0
2018-06-21 02:24,31.1,0,0,0
2018-06-21 02:30,31.1,0,0,0
2018-06-21 02:36,31.1,0,0,0
2018-06-21 02:42,31.1,0,0,0
2018-06-21 02:48,31.1,0,0,0
2018-06-21 02:54,31.1,0,0,0
2018-06-21 03:00,31.0,0,0,0
2018-06-21 03:06,31.0,0,0,0
2018-06-21 03:12,31.0,0,0,0
2018-06-21 03:18,31.0,0,0,0
2018-06-21 03:24,31.0,0,0,0
2018-06-21 03:30,31.0,0,0,0
2018-06-21 03:36,31.0,0,0,0
2018-06-21 03:42,30.9,0,0,0
2018-06-21 03:48,30.9,0,0,0
2018-06-21 03:54,30.9,0,0,0
2018-06-21 04:00,30.9,0,0,0
2018-06-21 04:06,30.9,0,0,0
2018-06-21 04:12,30.9,0,0,0
2018-06-21 04:18,30.9,0,0,0
2018-06-21 04:24,30.9,0,0,0
2018-06-21 04:30,30.9,0,0,0
2018-06-21 04:36,30.9,0,0,0
2018-06-21 04:42,30.9,0,0,0
2018-06-21 04:48,30.9,0,0,0
2018-06-21 04:54,30.8,0,0,0
2018-06-21 05:00,30.8,0,0,0
2018-06-21 05:06,30.8,0,0,0
2018-06-21 05:12,30.8,0,0,0
2018-06-21 05:18,30.8,0,0,0
2018-06-21 05:24,30.7,0,0,0
2018-06-21 05:30,30.7,0,0,0
2018-06-21 05:36,30.7,0,0,0
2018-06-21 05:42,30.7,0,0,0
2018-06-21 05:48,30.7,0,0,0
2018-06-21 05:54,30.7,0,0,0
2018-06-21 06:00,30.7,0,0,0
2018-06-21 06:06,30.6,0,0,0
2018-06-21 06:12,30.6,0,0,0
2018-06-21 06:18,30.5,0,0,0
2018-06-21 06:24,30.5,0,0,0
2018-06-21 06:30,30.4,0,0,0
2018-06-21 06:36,30.3,0,0,0
2018-06-21 06:42,30.2,0,0,0
2018-06-21 06:48,30.2,0,0,0
2018-06-21 06:54,30.1,0,0,0
2018-06-21 07:00,30.1,0,0,0
2018-06-21 07:06,30.1,0,0,0
2018-06-21 07:12,30.1,0,0,0
2018-06-21 07:18,30.0,0,0,0
2018-06-21 07:24,30.0,0,0,0
2018-06-21 07:30,30.0,0,0,0
2018-06-21 07:36,30.0,0,0,0
2018-06-21 07:42,30.0,0,0,0
2018-06-21 07:48,29.9,0,0,0
2018-06-21 07:54,29.9,0,0,0
2018-06-21 08:00,29.9,0,0,0
2018-06-21 08:06,29.9,0,0,0
2018-06-21 08:12,29.9,0,0,0
2018-06-21 08:18,29.9,0,0,0
2018-06-21 08:24,29.9,0,0,0
2018-06-21 08:30,29.9,0,0,0
2018-06-21 08:36,29.9,0,0,0
2018-06-21 08:42,29.9,0,0,0
2018-06-21 08:48,29.9,0,0,0
2018-06-21 08:54,29.9,0,0,0
2018-06-21 09:00,30.0,0,0,0
2018-06-21 09:06,30.0,0,0,0
2018-06-21 09:12,30.0,0,0,0
2018-06-21 09:18,30.0,0,0,0
2018-06-21 09:24,30.0,0,0,0
2018-06-21 09:30,30.0,0,0,0
2018-06-21 09:36,30.0,0,0,0
2018-06-21 09:42,30.0,0,0,0
2018-06-21 09:48,30.0,0,0,0
2018-06-21 09:54,30.1,0,0,0
2018-06-21 10:00,30.1,0,0,0
2018-06-21 10:06,30.1,0,0,0
2018-06-21 10:12,30.1,0,0,0
2018-06-21 10:18,30.1,0,0,0
2018-06-21 10:24,30.1,0,0,0
2018-06-21 10:30,30.1,0,0,0
2018-06-21 10:36,30.1,0,0,0
2018-06-21 10:42,30.1,0,0,0
2018-06-21 10:48,30.1,0,0,0
2018-06-21 10:54,30.1,0,0,0
2018-06-21 11:00,30.1,0,0,0
2018-06-21 11:06,30.1,0,0,0
2018-06-21 11:12,30.1,0,0,0
2018-06-21 11:18,30.1,0,0,0
2018-06-21 11:24,30.1,0,0,0
2018-06-21 11:30,30.1,0,0,0
2018-06-21 11:36,30.1,0,0,0
2018-06-21 11:42,30.1,0,0,0
2018-06-21 11:48,30.1,0,0,0
2018-06-21 11:54,30.1,0,0,0
2018-06-21 12:00,30.2,0,0,0
2018-06-21 12:06,30.2,0,0,0
2018-06-21 12:12,30.2,0,0,0
2018-06-21 12:18,30.2,0,0,0
2018-06-21 12:24,30.2,0,0,0
2018-06-21 12:30,30.2,0,0,0
2018-06-21 12:36,30.2,0,0,0
2018-06-21 12:42,30.2,0,0,0
2018-06-21 12:48,30.2,0,0,0
2018-06-21 12:54,30.2,0,0,0
2018-06-21 13:00,30.2,0,0,0
2018-06-21 13:06,30.2,0,0,0
2018-06-21 13:12,30.2,0,0,0
2018-06-21 13:18,30.2,0,0,0
2018-06-21 13:24,30.3,0,0,0
2018-06-21 13:30,30.3,0,0,0
2018-06-21 13:36,30.3,0,0,0
2018-06-21 13:42,30.3,0,0,0
2018-06-21 13:48,30.3,0,0,0
2018-06-21 13:54,30.3,0,0,0
2018-06-21 14:00,30.3,0,0,0
2018-06-21 14:06,30.3,0,0,0
2018-06-21 14:12,30.3,0,0,0
2018-06-21 14:18,30.3,0,0,0
2018-06-21 14:24,30.3,0,0,0
2018-06-21 14:30,30.3,0,0,0
2018-06-21 14:36,30.4,0,0,0
2018-06-21 14:42,30.4,0,0,0
2018-06-21 14:48,30.4,0,0,0
2018-06-21 14:54,30.6,0,0,0
2018-06-21 15:00,30.6,0,0,0
2018-06-21 15:06,30.6,0,0,0
2018-06-21 15:12,30.6,0,0,0
2018-06-21 15:18,30.6,0,0,0
2018-06-21 15:24,30.7,0,0,0
2018-06-21 15:30,30.7,0,0,0
2018-06-21 15:36,30.7,0,0,0
2018-06-21 15:42,30.8,0,0,0
2018-06-21 15:48,30.8,0,0,0
2018-06-21 15:54,30.8,0,0,0
2018-06-21 16:00,30.8,0,0,0
2018-06-21 16:06,30.8,0,0,0
2018-06-21 16:12,30.8,0,0,0
2018-06-21 16:18,30.9,0,0,0
2018-06-21 16:24,30.9,0,0,0
2018-06-21 16:30,30.9,0,0,0
2018-06-21 16:36,30.9,0,0,0
2018-06-21 16:42,30.9,0,0,0
2018-06-21 16:48,30.9,0,0,0
2018-06-21 16:54,30.9,0,0,0
2018-06-21 17:00,30.9,0,0,0
2018-06-21 17:06,30.9,0,0,0
2018-06-21 17:12,31.0,0,0,0
2018-06-21 17:18,31.0,0,0,0
2018-06-21 17:24,31.0,0,0,0
2018-06-21 17:30,31.0,0,0,0
2018-06-21 17:36,31.1,0,0,0
2018-06-21 17:42,31.2,0,0,0
2018-06-21 17:48,31.2,0,0,0
2018-06-21 17:54,31.2,0,0,0
2018-06-21 18:00,31.3,0,0,0
2018-06-21 18:06,31.3,0,0,0
2018-06-21 18:12,31.3,0,0,0
2018-06-21 18:18,31.4,0,0,0
2018-06-21 18:24,31.4,0,0,0
2018-06-21 18:30,31.4,0,0,0
2018-06-21 18:36,31.4,0,0,0
2018-06-21 18:42,31.3,0,0,0
2018-06-21 18:48,31.2,0,0,0
2018-06-21 18:54,31.1,0,0,0
2018-06-21 19:00,30.9,0,0,0
2018-06-21 19:06,30.9,0,0,0
2018-06-21 19:12,30.8,0,0,0
2018-06-21 19:18,30.8,0,0,0
2018-06-21 19:24,30.8,0,0,0
2018-06-21 19:30,30.8,0,0,0
2018-06-21 19:36,30.7,0,0,0
2018-06-21 19:42,30.7,0,0,0
2018-06-21 19:48,30.7,0,0,0
2018-06-21 19:54,30.7,0,0,0
2018-06-21 20:00,30.7,0,0,0
2018-06-21 20:06,30.6,0,0,0
2018-06-21 20:12,30.6,0,0,0
2018-06-21 20:18,30.6,0,0,0
2018-06-21 20:24,30.6,0,0,0
2018-06-21 20:30,30.6,0,0,0
2018-06-21 20:36,30.6,0,0,0
2018-06-21 20:42,30.6,0,0,0
2018-06-21 20:48,30.6,0,0,0
2018-06-21 20:54,30.6,0,0,0
2018-06-21 21:00,30.6,0,0,0
2018-06-21 21:06,30.6,0,0,0
2018-06-21 21:12,30.6,0,0,0
2018-06-21 21:18,30.6,0,0,0
2018-06-21 21:24,30.6,0,0,0
2018-06-21 21:30,30.6,0,0,0
2018-06-21 21:36,30.6,0,0,0
2018-06-21 21:42,30.6,0,0,0
2018-06-21 21:48,30.7,0,0,0
2018-06-21 21:54,30.7,0,0,0
2018-06-21 22:00,30.7,0,0,0
2018-06-21 22:06,30.8,0,0,0
2018-06-21 22:12,30.8,0,0,0
2018-06-21 22:18,30.8,0,0,0
2018-06-21 22:24,30.8,0,0,0
2018-06-21 22:30,30.8,0,0,0
2018-06-21 22:36,30.8,0,0,0
2018-06-21 22:42,30.8,0,0,0
2018-06-21 22:48,30.8,0,0,0
2018-06-21 22:54,30.8,0,0,0
2018-06-21 23:00,30.8,0,0,0
2018-06-21 23:06,30.8,0,0,0
2018-06-21 23:12,30.8,0,0,0
2018-06-21 23:18,30.8,0,0,0
2018-06-21 23:24,30.8,0,0,0
2018-06-21 23:30,30.8,0,0,0
2018-06-21 23:36,30.8,0,0,0
2018-06-21 23:42,30.8,0,0,0
2018-06-21 23:48,30.8,0,0,0
2018-06-21 23:54,30.8,0,0,0
2018-06-22 00:00,30.8,0,0,0
2018-06-22 00:06,30.8,0,0,0
2018-06-22 00:12,30.8,0,0,0
2018-06-22 00:18,30.8,0,0,0
2018-06-22 00:24,30.8,0,0,0
2018-06-22 00:30,30.9,0,0,0
2018-06-22 00:36,30.9,0,0,0
2018-06-22 00:42,30.9,0,0,0
2018-06-22 00:48,30.9,0,0,0
2018-06-22 00:54,30.9,0,0,0
2018-06-22 01:00,30.9,0,0,0
2018-06-22 01:06,30.9,0,0,0
2018-06-22 01:12,31.0,0,0,0
2018-06-22 01:18,31.0,0,0,0
2018-06-22 01:24,31.0,0,0,0
2018-06-22 01:30,31.0,0,0,0
2018-06-22 01:36,31.0,0,0,0
2018-06-22 01:42,31.0,0,0,0
2018-06-22 01:48,31.0,0,0,0
2018-06-22 01:54,31.1,0,0,0
2018-06-22 02:00,31.1,0,0,0
2018-06-22 02:06,31.1,0,0,0
2018-06-22 02:12,31.1,0,0,0
2018-06-22 02:18,31.2,0,0,0
2018-06-22 02:24,31.2,0,0,0
2018-06-22 02:30,31.2,0,0,0
2018-06-22 02:36,31.2,0,0,0
2018-06-22 02:42,31.2,0,0,0
2018-06-22 02:48,31.2,0,0,0
2018-06-22 02:54,31.2,0,0,0
2018-06-22 03:00,31.2,0,0,0
2018-06-22 03:06,31.2,0,0,0
2018-06-22 03:12,31.2,0,0,0
2018-06-22 03:18,31.2,0,0,0
2018-06-22 03:24,31.2,0,0,0
2018-06-22 03:30,31.2,0,0,0
2018-06-22 03:36,31.2,0,0,0
2018-06-22 03:42,31.2,0,0,0
2018-06-22 03:48,31.2,0,0,0
2018-06-22 03:54,31.2,0,0,0
2018-06-22 04:00,31.2,0,0,0
2018-06-22 04:06,31.2,0,0,0
2018-06-22 04:12,31.2,0,0,0
2018-06-22 04:18,31.2,0,0,0
2018-06-22 04:24,31.2,0,0,0
2018-06-22 04:30,31.2,0,0,0
2018-06-22 04:36,31.2,0,0,0
2018-06-22 04:42,31.2,0,0,0
2018-06-22 04:48,31.2,0,0,0
2018-06-22 04:54,31.2,0,0,0
2018-06-22 05:00,31.2,0,0,0
2018-06-22 05:06,31.2,0,0,0
2018-06-22 05:12,31.2,0,0,0
2018-06-22 05:18,31.2,0,0,0
2018-06-22 05:24,31.2,0,0,0
2018-06-22 05:30,31.2,0,0,0
2018-06-22 05:36,31.2,0,0,0
2018-06-22 05:42,31.2,0,0,0
2018-06-22 05:48,31.1,0,0,0
2018-06-22 05:54,31.1,0,0,0
2018-06-22 06:00,31.1,0,0,0
2018-06-22 06:06,31.0,0,0,0
2018-06-22 06:12,31.0,0,0,0
2018-06-22 06:18,31.0,0,0,0
2018-06-22 06:24,31.0,0,0,0
2018-06-22 06:30,31.0,0,0,0
2018-06-22 06:36,30.9,0,0,0
2018-06-22 06:42,30.9,0,0,0
2018-06-22 06:48,30.9,0,0,0
2018-06-22 06:54,30.9,0,0,0
2018-06-22 07:00,30.9,0,0,0
2018-06-22 07:06,30.8,0,0,0
2018-06-22 07:12,30.8,0,0,0
2018-06-22 07:18,30.7,0,0,0
2018-06-22 07:24,30.6,0,0,0
2018-06-22 07:30,30.5,0,0,0
2018-06-22 07:36,30.4,0,0,0
2018-06-22 07:42,30.3,0,0,0
2018-06-22 07:48,30.3,0,0,0
2018-06-22 07:54,30.2,0,0,0
2018-06-22 08:00,30.2,0,0,0
2018-06-22 08:06,30.2,0,0,0
2018-06-22 08:12,30.2,0,0,0
2018-06-22 08:18,30.1,0,0,0
2018-06-22 08:24,30.1,0,0,0
2018-06-22 08:30,30.1,0,0,0
2018-06-22 08:36,30.1,0,0,0
2018-06-22 08:42,30.1,0,0,0
2018-06-22 08:48,30.1,0,0,0
2018-06-22 08:54,30.1,0,0,0
2018-06-22 09:00,30.1,0,0,0
2018-06-22 09:06,30.1,0,0,0
2018-06-22 09:12,30.0,0,0,0
2018-06-22 09:18,30.0,0,0,0
2018-06-22 09:24,30.0,0,0,0
2018-06-22 09:30,30.0,0,0,0
2018-06-22 09:36,30.0,0,0,0
2018-06-22 09:42,30.0,0,0,0
2018-06-22 09:48,30.0,0,0,0
2018-06-22 09:54,30.0,0,0,0
2018-06-22 10:00,30.0,0,0,0
2018-06-22 10:06,30.0,0,0,0
2018-06-22 10:12,30.0,0,0,0
2018-06-22 10:18,30.1,0,0,0
2018-06-22 10:24,30.1,0,0,0
2018-06-22 10:30,30.1,0,0,0
2018-06-22 10:36,30.1,0,0,0
2018-06-22 10:42,30.1,0,0,0
2018-06-22 10:48,30.1,0,0,0
2018-06-22 10:54,30.1,0,0,0
2018-06-22 11:00,30.2,0,0,0
2018-06-22 11:06,30.2,0,0,0
2018-06-22 11:12,30.2,0,0,0
2018-06-22 11:18,30.2,0,0,0
2018-06-22 11:24,30.2,0,0,0
2018-06-22 11:30,30.2,0,0,0
2018-06-22 11:36,30.2,0,0,0
2018-06-22 11:42,30.1,0,0,0
2018-06-22 11:48,30.1,0,0,0
2018-06-22 11:54,30.1,0,0,0
2018-06-22 12:00,30.2,0,0,0
2018-06-22 12:06,30.2,0,0,0
2018-06-22 12:12,30.2,0,0,0
2018-06-22 12:18,30.2,0,0,0
2018-06-22 12:24,30.2,0,0,0
2018-06-22 12:30,30.2,0,0,0
2018-06-22 12:36,30.2,0,0,0
2018-06-22 12:42,30.2,0,0,0
2018-06-22 12:48,30.2,0,0,0
2018-06-22 12:54,30.2,0,0,0
2018-06-22 13:00,30.2,0,0,0
2018-06-22 13:06,30.2,0,0,0
2018-06-22 13:12,30.2,0,0,0
2018-06-22 13:18,30.3,0,0,0
2018-06-22 13:24,30.3,0,0,0
2018-06-22 13:30,30.3,0,0,0
2018-06-22 13:36,30.3,0,0,0
2018-06-22 13:42,30.3,0,0,0
2018-06-22 13:48,30.3,0,0,0
2018-06-22 13:54,30.3,0,0,0
2018-06-22 14:00,30.3,0,0,0
2018-06-22 14:06,30.3,0,0,0
2018-06-22 14:12,30.4,0,0,0
2018-06-22 14:18,30.4,0,0,0
2018-06-22 14:24,30.4,0,0,0
2018-06-22 14:30,30.4,0,0,0
2018-06-22 14:36,30.5,0,0,0
2018-06-22 14:42,30.5,0,0,0
2018-06-22 14:48,30.6,0,0,0
2018-06-22 14:54,30.6,0,0,0
2018-06-22 15:00,30.6,0,0,0
2018-06-22 15:06,30.8,0,0,0
2018-06-22 15:12,30.9,0,0,0
2018-06-22 15:18,30.9,0,0,0
2018-06-22 15:24,30.9,0,0,0
2018-06-22 15:30,30.9,0,0,0
2018-06-22 15:36,30.9,0,0,0
2018-06-22 15:42,30.9,0,0,0
2018-06-22 15:48,30.9,0,0,0
2018-06-22 15:54,30.9,0,0,0
2018-06-22 16:00,31.0,0,0,0
2018-06-22 16:06,31.0,0,0,0
2018-06-22 16:12,31.0,0,0,0
2018-06-22 16:18,31.0,0,0,0
2018-06-22 16:24,31.0,0,0,0
2018-06-22 16:30,31.1,0,0,0
2018-06-22 16:36,31.2,0,0,0
2018-06-22 16:42,31.2,0,0,0
2018-06-22 16:48,31.3,0,0,0
2018-06-22 16:54,31.3,0,0,0
2018-06-22 17:00,31.4,0,0,0
2018-06-22 17:06,31.3,0,0,0
2018-06-22 17:12,31.4,0,0,0
2018-06-22 17:18,31.4,0,0,0
2018-06-22 17:24,31.4,0,0,0
2018-06-22 17:30,31.4,0,0,0
2018-06-22 17:36,31.4,0,0,0
2018-06-22 17:42,31.4,0,0,0
2018-06-22 17:48,31.4,0,0,0
2018-06-22 17:54,31.4,0,0,0
2018-06-22 18:00,31.4,0,0,0
2018-06-22 18:06,31.4,0,0,0
2018-06-22 18:12,31.4,0,0,0
2018-06-22 18:18,31.4,0,0,0
2018-06-22 18:24,31.4,0,0,0
2018-06-22 18:30,31.5,0,0,0
2018-06-22 18:36,31.5,0,0,0
2018-06-22 18:42,31.6,0,0,0
2018-06-22 18:48,31.6,0,0,0
2018-06-22 18:54,31.7,0,0,0
2018-06-22 19:00,31.7,0,0,0
2018-06-22 19:06,31.7,0,0,0
2018-06-22 19:12,31.7,0,0,0
2018-06-22 19:18,31.7,0,0,0
2018-06-22 19:24,31.7,0,0,0
2018-06-22 19:30,31.7,0,0,0
2018-06-22 19:36,31.6,0,0,0
2018-06-22 19:42,31.4,0,0,0
2018-06-22 19:48,31.3,0,0,0
2018-06-22 19:54,31.1,0,0,0
2018-06-22 20:00,31.0,0,0,0
2018-06-22 20:06,30.9,0,0,0
2018-06-22 20:12,30.8,0,0,0
2018-06-22 20:18,30.8,0,0,0
2018-06-22 20:24,30.7,0,0,0
2018-06-22 20:30,30.7,0,0,0
2018-06-22 20:36,30.6,0,0,0
2018-06-22 20:42,30.6,0,0,0
2018-06-22 20:48,30.6,0,0,0
2018-06-22 20:54,30.6,0,0,0
2018-06-22 21:00,30.6,0,0,0
2018-06-22 21:06,30.6,0,0,0
2018-06-22 21:12,30.6,0,0,0
2018-06-22 21:18,30.6,0,0,0
2018-06-22 21:24,30.6,0,0,0
2018-06-22 21:30,30.6,0,0,0
2018-06-22 21:36,30.6,0,0,0
2018-06-22 21:42,30.6,0,0,0
2018-06-22 21:48,30.6,0,0,0
2018-06-22 21:54,30.6,0,0,0
2018-06-22 22:00,30.6,0,0,0
2018-06-22 22:06,30.6,0,0,0
2018-06-22 22:12,30.6,0,0,0
2018-06-22 22:18,30.5,0,0,0
2018-06-22 22:24,30.5,0,0,0
2018-06-22 22:30,30.6,0,0,0
2018-06-22 22:36,30.6,0,0,0
2018-06-22 22:42,30.6,0,0,0
2018-06-22 22:48,30.6,0,0,0
2018-06-22 22:54,30.6,0,0,0
2018-06-22 23:00,30.6,0,0,0
2018-06-22 23:06,30.6,0,0,0
2018-06-22 23:12,30.6,0,0,0
2018-06-22 23:18,30.6,0,0,0
2018-06-22 23:24,30.7,0,0,0
2018-06-22 23:30,30.7,0,0,0
2018-06-22 23:36,30.7,0,0,0
2018-06-22 23:42,30.7,0,0,0
2018-06-22 23:48,30.7,0,0,0
2018-06-22 23:54,30.7,0,0,0
2018-06-23 00:00,30.7,0,0,0
2018-06-23 00:06,30.7,0,0,0
2018-06-23 00:12,30.7,0,0,0
2018-06-23 00:18,30.7,0,0,0
2018-06-23 00:24,30.7,0,0,0
2018-06-23 00:30,30.7,0,0,0
2018-06-23 00:36,30.7,0,0,0
2018-06-23 00:42,30.7,0,0,0
2018-06-23 00:48,30.7,0,0,0
2018-06-23 00:54,30.7,0,0,0
2018-06-23 01:00,30.7,0,0,0
2018-06-23 01:06,30.7,0,0,0
2018-06-23 01:12,30.8,0,0,0
2018-06-23 01:18,30.8,0,0,0
2018-06-23 01:24,30.8,0,0,0
2018-06-23 01:30,30.8,0,0,0
2018-06-23 01:36,30.8,0,0,0
2018-06-23 01:42,30.8,0,0,0
2018-06-23 01:48,30.8,0,0,0
2018-06-23 01:54,30.8,0,0,0
2018-06-23 02:00,30.8,0,0,0
2018-06-23 02:06,30.9,0,0,0
2018-06-23 02:12,30.9,0,0,0
2018-06-23 02:18,30.9,0,0,0
2018-06-23 02:24,30.9,0,0,0
2018-06-23 02:30,,1,1,1
2018-06-23 02:36,,1,1,1
2018-06-23 02:42,,1,1,1
2018-06-23 02:48,30.9,0,0,0
2018-06-23 02:54,31.0,0,0,0
2018-06-23 03:00,31.0,0,0,0
2018-06-23 03:06,31.0,0,0,0
2018-06-23 03:12,31.0,0,0,0
2018-06-23 03:18,31.0,0,0,0
2018-06-23 03:24,31.0,0,0,0
2018-06-23 03:30,31.0,0,0,0
2018-06-23 03:36,31.0,0,0,0
2018-06-23 03:42,31.0,0,0,0
2018-06-23 03:48,31.0,0,0,0
2018-06-23 03:54,31.0,0,0,0
2018-06-23 04:00,31.0,0,0,0
2018-06-23 04:06,31.0,0,0,0
2018-06-23 04:12,31.1,0,0,0
2018-06-23 04:18,31.1,0,0,0
2018-06-23 04:24,31.1,0,0,0
2018-06-23 04:30,31.1,0,0,0
2018-06-23 04:36,31.1,0,0,0
2018-06-23 04:42,31.1,0,0,0
2018-06-23 04:48,31.1,0,0,0
2018-06-23 04:54,31.1,0,0,0
2018-06-23 05:00,31.1,0,0,0
2018-06-23 05:06,31.1,0,0,0
2018-06-23 05:12,31.1,0,0,0
2018-06-23 05:18,31.1,0,0,0
2018-06-23 05:24,31.1,0,0,0
2018-06-23 05:30,31.1,0,0,0
2018-06-23 05:36,31.1,0,0,0
2018-06-23 05:42,31.1,0,0,0
2018-06-23 05:48,31.1,0,0,0
2018-06-23 05:54,31.1,0,0,0
2018-06-23 06:00,31.1,0,0,0
2018-06-23 06:06,31.1,0,0,0
2018-06-23 06:12,31.1,0,0,0
2018-06-23 06:18,31.1,0,0,0
2018-06-23 06:24,31.1,0,0,0
2018-06-23 06:30,31.1,0,0,0
2018-06-23 06:36,31.1,0,0,0
2018-06-23 06:42,31.1,0,0,0
2018-06-23 06:48,31.1,0,0,0
2018-06-23 06:54,31.0,0,0,0
2018-06-23 07:00,31.0,0,0,0
2018-06-23 07:06,31.0,0,0,0
2018-06-23 07:12,31.0,0,0,0
2018-06-23 07:18,31.0,0,0,0
2018-06-23 07:24,30.9,0,0,0
2018-06-23 07:30,30.9,0,0,0
2018-06-23 07:36,30.9,0,0,0
2018-06-23 07:42,30.9,0,0,0
2018-06-23 07:48,30.9,0,0,0
2018-06-23 07:54,30.8,0,0,0
2018-06-23 08:00,30.8,0,0,0
2018-06-23 08:06,30.8,0,0,0
2018-06-23 08:12,30.8,0,0,0
2018-06-23 08:18,30.8,0,0,0
2018-06-23 08:24,30.7,0,0,0
2018-06-23 08:30,30.6,0,0,0
2018-06-23 08:36,30.5,0,0,0
2018-06-23 08:42,30.5,0,0,0
2018-06-23 08:48,30.4,0,0,0
2018-06-23 08:54,30.4,0,0,0
2018-06-23 09:00,30.4,0,0,0
2018-06-23 09:06,30.3,0,0,0
2018-06-23 09:12,30.3,0,0,0
2018-06-23 09:18,30.3,0,0,0
2018-06-23 09:24,30.3,0,0,0
2018-06-23 09:30,30.3,0,0,0
2018-06-23 09:36,30.3,0,0,0
2018-06-23 09:42,30.2,0,0,0
2018-06-23 09:48,30.2,0,0,0
2018-06-23 09:54,30.2,0,0,0
2018-06-23 10:00,30.2,0,0,0
2018-06-23 10:06,30.2,0,0,0
2018-06-23 10:12,30.2,0,0,0
2018-06-23 10:18,30.2,0,0,0
2018-06-23 10:24,30.2,0,0,0
2018-06-23 10:30,30.2,0,0,0
2018-06-23 10:36,30.2,0,0,0
2018-06-23 10:42,30.2,0,0,0
2018-06-23 10:48,30.2,0,0,0
2018-06-23 10:54,30.2,0,0,0
2018-06-23 11:00,30.2,0,0,0
2018-06-23 11:06,30.2,0,0,0
2018-06-23 11:12,30.2,0,0,0
2018-06-23 11:18,30.1,0,0,0
2018-06-23 11:24,30.1,0,0,0
2018-06-23 11:30,30.2,0,0,0
2018-06-23 11:36,30.2,0,0,0
2018-06-23 11:42,30.2,0,0,0
2018-06-23 11:48,30.2,0,0,0
2018-06-23 11:54,30.2,0,0,0
2018-06-23 12:00,30.2,0,0,0
2018-06-23 12:06,30.2,0,0,0
2018-06-23 12:12,30.2,0,0,0
2018-06-23 12:18,30.2,0,0,0
2018-06-23 12:24,30.2,0,0,0
2018-06-23 12:30,30.2,0,0,0
2018-06-23 12:36,30.2,0,0,0
2018-06-23 12:42,30.2,0,0,0
2018-06-23 12:48,30.2,0,0,0
2018-06-23 12:54,30.2,0,0,0
2018-06-23 13:00,30.2,0,0,0
2018-06-23 13:06,30.2,0,0,0
2018-06-23 13:12,30.2,0,0,0
2018-06-23 13:18,30.2,0,0,0
2018-06-23 13:24,30.3,0,0,0
2018-06-23 13:30,30.3,0,0,0
2018-06-23 13:36,30.3,0,0,0
2018-06-23 13:42,30.3,0,0,0
2018-06-23 13:48,30.3,0,0,0
2018-06-23 13:54,30.3,0,0,0
2018-06-23 14:00,30.3,0,0,0
2018-06-23 14:06,30.3,0,0,0
2018-06-23 14:12,30.3,0,0,0
2018-06-23 14:18,30.4,0,0,0
2018-06-23 14:24,30.4,0,0,0
2018-06-23 14:30,30.4,0,0,0
2018-06-23 14:36,30.4,0,0,0
2018-06-23 14:42,30.6,0,0,0
2018-06-23 14:48,30.6,0,0,0
2018-06-23 14:54,30.6,0,0,0
2018-06-23 15:00,30.6,0,0,0
2018-06-23 15:06,30.6,0,0,0
2018-06-23 15:12,30.6,0,0,0
2018-06-23 15:18,30.6,0,0,0
2018-06-23 15:24,30.7,0,0,0
2018-06-23 15:30,30.6,0,0,0
2018-06-23 15:36,30.6,0,0,0
2018-06-23 15:42,,1,1,1
2018-06-23 15:48,30.6,0,0,0
2018-06-23 15:54,30.6,0,0,0
2018-06-23 16:00,30.6,0,0,0
2018-06-23 16:06,30.7,0,0,0
2018-06-23 16:12,30.7,0,0,0
2018-06-23 16:18,30.7,0,0,0
2018-06-23 16:24,30.9,0,0,0
2018-06-23 16:30,30.9,0,0,0
2018-06-23 16:36,31.0,0,0,0
2018-06-23 16:42,31.0,0,0,0
2018-06-23 16:48,31.0,0,0,0
2018-06-23 16:54,31.0,0,0,0
2018-06-23 17:00,31.0,0,0,0
2018-06-23 17:06,31.0,0,0,0
2018-06-23 17:12,31.0,0,0,0
2018-06-23 17:18,31.0,0,0,0
2018-06-23 17:24,31.0,0,0,0
2018-06-23 17:30,31.0,0,0,0
2018-06-23 17:36,31.0,0,0,0
2018-06-23 17:42,31.0,0,0,0
2018-06-23 17:48,31.0,0,0,0
2018-06-23 17:54,31.1,0,0,0
2018-06-23 18:00,31.1,0,0,0
2018-06-23 18:06,31.1,0,0,0
2018-06-23 18:12,31.1,0,0,0
2018-06-23 18:18,31.1,0,0,0
2018-06-23 18:24,31.1,0,0,0
2018-06-23 18:30,31.2,0,0,0
2018-06-23 18:36,31.2,0,0,0
2018-06-23 18:42,31.2,0,0,0
2018-06-23 18:48,31.2,0,0,0
2018-06-23 18:54,31.2,0,0,0
2018-06-23 19:00,31.3,0,0,0
2018-06-23 19:06,31.3,0,0,0
2018-06-23 19:12,31.3,0,0,0
2018-06-23 19:18,31.4,0,0,0
2018-06-23 19:24,31.4,0,0,0
2018-06-23 19:30,31.5,0,0,0
2018-06-23 19:36,31.6,0,0,0
2018-06-23 19:42,31.6,0,0,0
2018-06-23 19:48,31.7,0,0,0
2018-06-23 19:54,31.7,0,0,0
2018-06-23 20:00,31.8,0,0,0
2018-06-23 20:06,31.8,0,0,0
2018-06-23 20:12,31.8,0,0,0
2018-06-23 20:18,31.8,0,0,0
2018-06-23 20:24,31.6,0,0,0
2018-06-23 20:30,31.3,0,0,0
2018-06-23 20:36,31.2,0,0,0
2018-06-23 20:42,31.1,0,0,0
2018-06-23 20:48,31.0,0,0,0
2018-06-23 20:54,31.0,0,0,0
2018-06-23 21:00,31.0,0,0,0
2018-06-23 21:06,31.0,0,0,0
2018-06-23 21:12,31.0,0,0,0
2018-06-23 21:18,31.0,0,0,0
2018-06-23 21:24,31.0,0,0,0
2018-06-23 21:30,30.9,0,0,0
2018-06-23 21:36,30.9,0,0,0
2018-06-23 21:42,31.0,0,0,0
2018-06-23 21:48,30.9,0,0,0
2018-06-23 21:54,30.8,0,0,0
2018-06-23 22:00,30.8,0,0,0
2018-06-23 22:06,30.7,0,0,0
2018-06-23 22:12,30.7,0,0,0
2018-06-23 22:18,30.7,0,0,0
2018-06-23 22:24,30.6,0,0,0
2018-06-23 22:30,30.6,0,0,0
2018-06-23 22:36,30.6,0,0,0
2018-06-23 22:42,30.5,0,0,0
2018-06-23 22:48,30.5,0,0,0
2018-06-23 22:54,30.5,0,0,0
2018-06-23 23:00,30.5,0,0,0
2018-06-23 23:06,30.5,0,0,0
2018-06-23 23:12,30.4,0,0,0
2018-06-23 23:18,30.4,0,0,0
2018-06-23 23:24,30.4,0,0,0
2018-06-23 23:30,30.4,0,0,0
2018-06-23 23:36,30.4,0,0,0
2018-06-23 23:42,30.4,0,0,0
2018-06-23 23:48,30.6,0,0,0
2018-06-23 23:54,30.6,0,0,0
2018-06-24 00:00,30.6,0,0,0
2018-06-24 00:06,30.6,0,0,0
2018-06-24 00:12,30.6,0,0,0
2018-06-24 00:18,30.6,0,0,0
2018-06-24 00:24,30.6,0,0,0
2018-06-24 00:30,30.5,0,0,0
2018-06-24 00:36,30.5,0,0,0
2018-06-24 00:42,30.5,0,0,0
2018-06-24 00:48,30.5,0,0,0
2018-06-24 00:54,30.5,0,0,0
2018-06-24 01:00,30.5,0,0,0
2018-06-24 01:06,30.6,0,0,0
2018-06-24 01:12,30.6,0,0,0
2018-06-24 01:18,30.6,0,0,0
2018-06-24 01:24,30.7,0,0,0
2018-06-24 01:30,30.7,0,0,0
2018-06-24 01:36,30.7,0,0,0
2018-06-24 01:42,30.7,0,0,0
2018-06-24 01:48,30.7,0,0,0
2018-06-24 01:54,30.7,0,0,0
2018-06-24 02:00,30.7,0,0,0
2018-06-24 02:06,30.7,0,0,0
2018-06-24 02:12,30.7,0,0,0
2018-06-24 02:18,30.7,0,0,0
2018-06-24 02:24,30.8,0,0,0
2018-06-24 02:30,30.8,0,0,0
2018-06-24 02:36,30.8,0,0,0
2018-06-24 02:42,30.8,0,0,0
2018-06-24 02:48,30.8,0,0,0
2018-06-24 02:54,30.8,0,0,0
2018-06-24 03:00,30.8,0,0,0
2018-06-24 03:06,30.9,0,0,0
2018-06-24 03:12,30.9,0,0,0
2018-06-24 03:18,30.9,0,0,0
2018-06-24 03:24,30.9,0,0,0
2018-06-24 03:30,30.9,0,0,0
2018-06-24 03:36,30.9,0,0,0
2018-06-24 03:42,30.9,0,0,0
2018-06-24 03:48,30.9,0,0,0
2018-06-24 03:54,30.9,0,0,0
2018-06-24 04:00,30.9,0,0,0
2018-06-24 04:06,30.9,0,0,0
2018-06-24 04:12,30.9,0,0,0
2018-06-24 04:18,30.9,0,0,0
2018-06-24 04:24,30.9,0,0,0
2018-06-24 04:30,30.9,0,0,0
2018-06-24 04:36,30.9,0,0,0
2018-06-24 04:42,30.9,0,0,0
2018-06-24 04:48,30.9,0,0,0
2018-06-24 04:54,30.9,0,0,0
2018-06-24 05:00,30.9,0,0,0
2018-06-24 05:06,30.9,0,0,0
2018-06-24 05:12,30.9,0,0,0
2018-06-24 05:18,31.0,0,0,0
2018-06-24 05:24,31.0,0,0,0
2018-06-24 05:30,31.0,0,0,0
2018-06-24 05:36,31.0,0,0,0
2018-06-24 05:42,31.0,0,0,0
2018-06-24 05:48,31.0,0,0,0
2018-06-24 05:54,31.0,0,0,0
2018-06-24 06:00,31.0,0,0,0
2018-06-24 06:06,31.0,0,0,0
2018-06-24 06:12,31.0,0,0,0
2018-06-24 06:18,31.0,0,0,0
2018-06-24 06:24,31.0,0,0,0
2018-06-24 06:30,31.0,0,0,0
2018-06-24 06:36,31.0,0,0,0
2018-06-24 06:42,31.0,0,0,0
2018-06-24 06:48,30.9,0,0,0
2018-06-24 06:54,30.9,0,0,0
2018-06-24 07:00,30.9,0,0,0
2018-06-24 07:06,30.9,0,0,0
2018-06-24 07:12,30.9,0,0,0
2018-06-24 07:18,30.9,0,0,0
2018-06-24 07:24,30.9,0,0,0
2018-06-24 07:30,30.9,0,0,0
2018-06-24 07:36,30.9,0,0,0
2018-06-24 07:42,30.9,0,0,0
2018-06-24 07:48,30.9,0,0,0
2018-06-24 07:54,30.9,0,0,0
2018-06-24 08:00,30.8,0,0,0
2018-06-24 08:06,30.8,0,0,0
2018-06-24 08:12,30.8,0,0,0
2018-06-24 08:18,30.8,0,0,0
2018-06-24 08:24,30.8,0,0,0
2018-06-24 08:30,30.8,0,0,0
2018-06-24 08:36,30.7,0,0,0
2018-06-24 08:42,30.7,0,0,0
2018-06-24 08:48,30.7,0,0,0
2018-06-24 08:54,30.7,0,0,0
2018-06-24 09:00,30.7,0,0,0
2018-06-24 09:06,30.7,0,0,0
2018-06-24 09:12,30.7,0,0,0
2018-06-24 09:18,30.6,0,0,0
2018-06-24 09:24,30.6,0,0,0
2018-06-24 09:30,30.6,0,0,0
2018-06-24 09:36,30.6,0,0,0
2018-06-24 09:42,30.5,0,0,0
2018-06-24 09:48,30.5,0,0,0
2018-06-24 09:54,30.5,0,0,0
2018-06-24 10:00,30.4,0,0,0
2018-06-24 10:06,30.4,0,0,0
2018-06-24 10:12,30.4,0,0,0
2018-06-24 10:18,30.4,0,0,0
2018-06-24 10:24,30.4,0,0,0
2018-06-24 10:30,30.4,0,0,0
2018-06-24 10:36,30.4,0,0,0
2018-06-24 10:42,30.4,0,0,0
2018-06-24 10:48,30.3,0,0,0
2018-06-24 10:54,30.3,0,0,0
2018-06-24 11:00,30.3,0,0,0
2018-06-24 11:06,30.3,0,0,0
2018-06-24 11:12,30.3,0,0,0
2018-06-24 11:18,30.4,0,0,0
2018-06-24 11:24,30.3,0,0,0
2018-06-24 11:30,30.3,0,0,0
2018-06-24 11:36,30.4,0,0,0
2018-06-24 11:42,30.3,0,0,0
2018-06-24 11:48,30.3,0,0,0
2018-06-24 11:54,30.3,0,0,0
2018-06-24 12:00,30.3,0,0,0
2018-06-24 12:06,30.4,0,0,0
2018-06-24 12:12,30.4,0,0,0
2018-06-24 12:18,30.4,0,0,0
2018-06-24 12:24,30.4,0,0,0
2018-06-24 12:30,30.4,0,0,0
2018-06-24 12:36,30.4,0,0,0
2018-06-24 12:42,30.4,0,0,0
2018-06-24 12:48,30.4,0,0,0
2018-06-24 12:54,30.4,0,0,0
2018-06-24 13:00,30.4,0,0,0
2018-06-24 13:06,30.4,0,0,0
2018-06-24 13:12,30.4,0,0,0
2018-06-24 13:18,30.4,0,0,0
2018-06-24 13:24,30.4,0,0,0
2018-06-24 13:30,30.4,0,0,0
2018-06-24 13:36,30.4,0,0,0
2018-06-24 13:42,30.4,0,0,0
2018-06-24 13:48,30.4,0,0,0
2018-06-24 13:54,30.4,0,0,0
2018-06-24 14:00,30.5,0,0,0
2018-06-24 14:06,30.5,0,0,0
2018-06-24 14:12,30.5,0,0,0
2018-06-24 14:18,30.5,0,0,0
2018-06-24 14:24,30.5,0,0,0
2018-06-24 14:30,30.6,0,0,0
2018-06-24 14:36,30.6,0,0,0
2018-06-24 14:42,30.7,0,0,0
2018-06-24 14:48,30.7,0,0,0
2018-06-24 14:54,30.7,0,0,0
2018-06-24 15:00,30.8,0,0,0
2018-06-24 15:06,30.8,0,0,0
2018-06-24 15:12,30.8,0,0,0
2018-06-24 15:18,30.8,0,0,0
2018-06-24 15:24,30.8,0,0,0
2018-06-24 15:30,30.8,0,0,0
2018-06-24 15:36,30.9,0,0,0
2018-06-24 15:42,30.8,0,0,0
2018-06-24 15:48,30.9,0,0,0
2018-06-24 15:54,30.9,0,0,0
2018-06-24 16:00,31.0,0,0,0
2018-06-24 16:06,31.0,0,0,0
2018-06-24 16:12,31.0,0,0,0
2018-06-24 16:18,31.0,0,0,0
2018-06-24 16:24,31.0,0,0,0
2018-06-24 16:30,31.0,0,0,0
2018-06-24 16:36,31.1,0,0,0
2018-06-24 16:42,31.1,0,0,0
2018-06-24 16:48,31.1,0,0,0
2018-06-24 16:54,31.1,0,0,0
2018-06-24 17:00,31.2,0,0,0
2018-06-24 17:06,31.2,0,0,0
2018-06-24 17:12,31.2,0,0,0
2018-06-24 17:18,31.3,0,0,0
2018-06-24 17:24,31.3,0,0,0
2018-06-24 17:30,31.3,0,0,0
2018-06-24 17:36,31.3,0,0,0
2018-06-24 17:42,31.3,0,0,0
2018-06-24 17:48,31.4,0,0,0
2018-06-24 17:54,31.4,0,0,0
2018-06-24 18:00,31.4,0,0,0
2018-06-24 18:06,31.4,0,0,0
2018-06-24 18:12,31.5,0,0,0
2018-06-24 18:18,31.5,0,0,0
2018-06-24 18:24,31.5,0,0,0
2018-06-24 18:30,31.6,0,0,0
2018-06-24 18:36,31.6,0,0,0
2018-06-24 18:42,31.6,0,0,0
2018-06-24 18:48,31.6,0,0,0
2018-06-24 18:54,31.6,0,0,0
2018-06-24 19:00,31.6,0,0,0
2018-06-24 19:06,31.7,0,0,0
2018-06-24 19:12,31.7,0,0,0
2018-06-24 19:18,31.7,0,0,0
2018-06-24 19:24,31.7,0,0,0
2018-06-24 19:30,31.7,0,0,0
2018-06-24 19:36,31.8,0,0,0
2018-06-24 19:42,31.8,0,0,0
2018-06-24 19:48,31.8,0,0,0
2018-06-24 19:54,31.8,0,0,0
2018-06-24 20:00,31.9,0,0,0
2018-06-24 20:06,31.9,0,0,0
2018-06-24 20:12,31.9,0,0,0
2018-06-24 20:18,32.0,0,0,0
2018-06-24 20:24,32.0,0,0,0
2018-06-24 20:30,32.1,0,0,0
2018-06-24 20:36,32.1,0,0,0
2018-06-24 20:42,32.1,0,0,0
2018-06-24 20:48,32.2,0,0,0
2018-06-24 20:54,32.2,0,0,0
2018-06-24 21:00,32.2,0,0,0
2018-06-24 21:06,32.2,0,0,0
2018-06-24 21:12,32.1,0,0,0
2018-06-24 21:18,31.9,0,0,0
2018-06-24 21:24,31.9,0,0,0
2018-06-24 21:30,31.8,0,0,0
2018-06-24 21:36,31.8,0,0,0
2018-06-24 21:42,31.7,0,0,0
2018-06-24 21:48,31.7,0,0,0
2018-06-24 21:54,31.7,0,0,0
2018-06-24 22:00,31.7,0,0,0
2018-06-24 22:06,31.7,0,0,0
2018-06-24 22:12,31.7,0,0,0
2018-06-24 22:18,31.7,0,0,0
2018-06-24 22:24,31.6,0,0,0
2018-06-24 22:30,31.6,0,0,0
2018-06-24 22:36,31.6,0,0,0
2018-06-24 22:42,31.6,0,0,0
2018-06-24 22:48,31.6,0,0,0
2018-06-24 22:54,31.6,0,0,0
2018-06-24 23:00,31.6,0,0,0
2018-06-24 23:06,31.6,0,0,0
2018-06-24 23:12,31.6,0,0,0
2018-06-24 23:18,31.6,0,0,0
2018-06-24 23:24,31.6,0,0,0
2018-06-24 23:30,31.5,0,0,0
2018-06-24 23:36,31.5,0,0,0
2018-06-24 23:42,31.5,0,0,0
2018-06-24 23:48,31.5,0,0,0
2018-06-24 23:54,31.5,0,0,0
2018-06-25 00:00,31.5,0,0,0
2018-06-25 00:06,31.5,0,0,0
2018-06-25 00:12,31.5,0,0,0
2018-06-25 00:18,31.4,0,0,0
2018-06-25 00:24,31.4,0,0,0
2018-06-25 00:30,31.4,0,0,0
2018-06-25 00:36,31.4,0,0,0
2018-06-25 00:42,31.4,0,0,0
2018-06-25 00:48,31.4,0,0,0
2018-06-25 00:54,31.5,0,0,0
2018-06-25 01:00,31.5,0,0,0
2018-06-25 01:06,31.5,0,0,0
2018-06-25 01:12,31.5,0,0,0
2018-06-25 01:18,31.5,0,0,0
2018-06-25 01:24,31.5,0,0,0
2018-06-25 01:30,31.5,0,0,0
2018-06-25 01:36,31.5,0,0,0
2018-06-25 01:42,31.5,0,0,0
2018-06-25 01:48,31.5,0,0,0
2018-06-25 01:54,31.5,0,0,0
2018-06-25 02:00,31.5,0,0,0
2018-06-25 02:06,31.5,0,0,0
2018-06-25 02:12,31.5,0,0,0
2018-06-25 02:18,31.5,0,0,0
2018-06-25 02:24,31.6,0,0,0
2018-06-25 02:30,31.5,0,0,0
2018-06-25 02:36,31.6,0,0,0
2018-06-25 02:42,31.6,0,0,0
2018-06-25 02:48,31.6,0,0,0
2018-06-25 02:54,31.6,0,0,0
2018-06-25 03:00,31.6,0,0,0
2018-06-25 03:06,31.6,0,0,0
2018-06-25 03:12,31.6,0,0,0
2018-06-25 03:18,31.6,0,0,0
2018-06-25 03:24,31.6,0,0,0
2018-06-25 03:30,31.6,0,0,0
2018-06-25 03:36,31.6,0,0,0
2018-06-25 03:42,31.6,0,0,0
2018-06-25 03:48,31.6,0,0,0
2018-06-25 03:54,31.6,0,0,0
2018-06-25 04:00,31.6,0,0,0
2018-06-25 04:06,31.6,0,0,0
2018-06-25 04:12,31.6,0,0,0
2018-06-25 04:18,31.6,0,0,0
2018-06-25 04:24,31.6,0,0,0
2018-06-25 04:30,31.6,0,0,0
2018-06-25 04:36,31.6,0,0,0
2018-06-25 04:42,31.6,0,0,0
2018-06-25 04:48,31.6,0,0,0
2018-06-25 04:54,31.6,0,0,0
2018-06-25 05:00,31.6,0,0,0
2018-06-25 05:06,31.6,0,0,0
2018-06-25 05:12,31.5,0,0,0
2018-06-25 05:18,31.5,0,0,0
2018-06-25 05:24,31.5,0,0,0
2018-06-25 05:30,31.5,0,0,0
2018-06-25 05:36,31.5,0,0,0
2018-06-25 05:42,31.5,0,0,0
2018-06-25 05:48,31.5,0,0,0
2018-06-25 05:54,31.5,0,0,0
2018-06-25 06:00,31.5,0,0,0
2018-06-25 06:06,31.5,0,0,0
2018-06-25 06:12,31.5,0,0,0
2018-06-25 06:18,31.5,0,0,0
2018-06-25 06:24,31.4,0,0,0
2018-06-25 06:30,31.4,0,0,0
2018-06-25 06:36,31.4,0,0,0
2018-06-25 06:42,31.3,0,0,0
2018-06-25 06:48,31.3,0,0,0
2018-06-25 06:54,31.3,0,0,0
2018-06-25 07:00,31.2,0,0,0
2018-06-25 07:06,31.2,0,0,0
2018-06-25 07:12,31.2,0,0,0
2018-06-25 07:18,31.2,0,0,0
2018-06-25 07:24,31.2,0,0,0
2018-06-25 07:30,31.2,0,0,0
2018-06-25 07:36,31.2,0,0,0
2018-06-25 07:42,31.2,0,0,0
2018-06-25 07:48,31.2,0,0,0
2018-06-25 07:54,31.2,0,0,0
2018-06-25 08:00,31.2,0,0,0
2018-06-25 08:06,31.2,0,0,0
2018-06-25 08:12,31.1,0,0,0
2018-06-25 08:18,31.1,0,0,0
2018-06-25 08:24,31.1,0,0,0
2018-06-25 08:30,31.1,0,0,0
2018-06-25 08:36,31.1,0,0,0
2018-06-25 08:42,31.0,0,0,0
2018-06-25 08:48,31.0,0,0,0
2018-06-25 08:54,31.0,0,0,0
2018-06-25 09:00,31.0,0,0,0
2018-06-25 09:06,30.9,0,0,0
2018-06-25 09:12,30.9,0,0,0
2018-06-25 09:18,30.9,0,0,0
2018-06-25 09:24,30.9,0,0,0
2018-06-25 09:30,30.9,0,0,0
2018-06-25 09:36,30.8,0,0,0
2018-06-25 09:42,30.8,0,0,0
2018-06-25 09:48,30.8,0,0,0
2018-06-25 09:54,30.8,0,0,0
2018-06-25 10:00,30.8,0,0,0
2018-06-25 10:06,30.7,0,0,0
2018-06-25 10:12,30.7,0,0,0
2018-06-25 10:18,30.7,0,0,0
2018-06-25 10:24,30.7,0,0,0
2018-06-25 10:30,30.7,0,0,0
2018-06-25 10:36,30.8,0,0,0
2018-06-25 10:42,30.8,0,0,0
2018-06-25 10:48,30.8,0,0,0
2018-06-25 10:54,30.8,0,0,0
2018-06-25 11:00,30.8,0,0,0
2018-06-25 11:06,30.8,0,0,0
2018-06-25 11:12,30.8,0,0,0
2018-06-25 11:18,30.8,0,0,0
2018-06-25 11:24,30.8,0,0,0
2018-06-25 11:30,30.8,0,0,0
2018-06-25 11:36,30.8,0,0,0
2018-06-25 11:42,30.8,0,0,0
2018-06-25 11:48,30.8,0,0,0
2018-06-25 11:54,30.8,0,0,0
2018-06-25 12:00,30.8,0,0,0
2018-06-25 12:06,30.8,0,0,0
2018-06-25 12:12,30.8,0,0,0
2018-06-25 12:18,30.8,0,0,0
2018-06-25 12:24,30.8,0,0,0
2018-06-25 12:30,30.7,0,0,0
2018-06-25 12:36,30.7,0,0,0
2018-06-25 12:42,30.7,0,0,0
2018-06-25 12:48,30.7,0,0,0
2018-06-25 12:54,30.8,0,0,0
2018-06-25 13:00,30.8,0,0,0
2018-06-25 13:06,30.7,0,0,0
2018-06-25 13:12,30.8,0,0,0
2018-06-25 13:18,30.8,0,0,0
2018-06-25 13:24,30.8,0,0,0
2018-06-25 13:30,30.8,0,0,0
2018-06-25 13:36,30.8,0,0,0
2018-06-25 13:42,30.8,0,0,0
2018-06-25 13:48,30.8,0,0,0
2018-06-25 13:54,30.8,0,0,0
2018-06-25 14:00,30.8,0,0,0
2018-06-25 14:06,30.8,0,0,0
2018-06-25 14:12,30.8,0,0,0
2018-06-25 14:18,30.8,0,0,0
2018-06-25 14:24,30.8,0,0,0
2018-06-25 14:30,30.8,0,0,0
2018-06-25 14:36,30.8,0,0,0
2018-06-25 14:42,30.8,0,0,0
2018-06-25 14:48,30.8,0,0,0
2018-06-25 14:54,30.8,0,0,0
2018-06-25 15:00,30.8,0,0,0
2018-06-25 15:06,30.9,0,0,0
2018-06-25 15:12,30.9,0,0,0
2018-06-25 15:18,30.9,0,0,0
2018-06-25 15:24,30.9,0,0,0
2018-06-25 15:30,30.9,0,0,0
2018-06-25 15:36,30.9,0,0,0
2018-06-25 15:42,30.9,0,0,0
2018-06-25 15:48,30.9,0,0,0
2018-06-25 15:54,31.0,0,0,0
2018-06-25 16:00,31.0,0,0,0
2018-06-25 16:06,31.0,0,0,0
2018-06-25 16:12,31.0,0,0,0
2018-06-25 16:18,31.0,0,0,0
2018-06-25 16:24,31.1,0,0,0
2018-06-25 16:30,31.0,0,0,0
2018-06-25 16:36,31.0,0,0,0
2018-06-25 16:42,31.0,0,0,0
2018-06-25 16:48,31.0,0,0,0
2018-06-25 16:54,31.0,0,0,0
2018-06-25 17:00,31.1,0,0,0
2018-06-25 17:06,31.0,0,0,0
2018-06-25 17:12,31.0,0,0,0
2018-06-25 17:18,31.1,0,0,0
2018-06-25 17:24,31.1,0,0,0
2018-06-25 17:30,31.1,0,0,0
2018-06-25 17:36,31.1,0,0,0
2018-06-25 17:42,31.1,0,0,0
2018-06-25 17:48,31.1,0,0,0
2018-06-25 17:54,31.1,0,0,0
2018-06-25 18:00,31.2,0,0,0
2018-06-25 18:06,31.4,0,0,0
2018-06-25 18:12,31.4,0,0,0
2018-06-25 18:18,31.4,0,0,0
2018-06-25 18:24,31.5,0,0,0
2018-06-25 18:30,31.5,0,0,0
2018-06-25 18:36,31.5,0,0,0
2018-06-25 18:42,31.6,0,0,0
2018-06-25 18:48,31.6,0,0,0
2018-06-25 18:54,31.6,0,0,0
2018-06-25 19:00,31.6,0,0,0
2018-06-25 19:06,31.6,0,0,0
2018-06-25 19:12,31.6,0,0,0
2018-06-25 19:18,31.6,0,0,0
2018-06-25 19:24,31.6,0,0,0
2018-06-25 19:30,31.6,0,0,0
2018-06-25 19:36,31.6,0,0,0
2018-06-25 19:42,31.6,0,0,0
2018-06-25 19:48,31.6,0,0,0
2018-06-25 19:54,31.6,0,0,0
2018-06-25 20:00,31.6,0,0,0
2018-06-25 20:06,31.6,0,0,0
2018-06-25 20:12,31.6,0,0,0
2018-06-25 20:18,31.6,0,0,0
2018-06-25 20:24,31.6,0,0,0
2018-06-25 20:30,31.6,0,0,0
2018-06-25 20:36,31.6,0,0,0
2018-06-25 20:42,31.6,0,0,0
2018-06-25 20:48,31.6,0,0,0
2018-06-25 20:54,31.6,0,0,0
2018-06-25 21:00,31.6,0,0,0
2018-06-25 21:06,31.6,0,0,0
2018-06-25 21:12,31.7,0,0,0
2018-06-25 21:18,31.7,0,0,0
2018-06-25 21:24,31.7,0,0,0
2018-06-25 21:30,31.7,0,0,0
2018-06-25 21:36,31.7,0,0,0
2018-06-25 21:42,31.7,0,0,0
2018-06-25 21:48,31.7,0,0,0
2018-06-25 21:54,31.7,0,0,0
2018-06-25 22:00,31.7,0,0,0
2018-06-25 22:06,31.7,0,0,0
2018-06-25 22:12,31.6,0,0,0
2018-06-25 22:18,31.6,0,0,0
2018-06-25 22:24,31.5,0,0,0
2018-06-25 22:30,31.4,0,0,0
2018-06-25 22:36,31.4,0,0,0
2018-06-25 22:42,31.4,0,0,0
2018-06-25 22:48,31.4,0,0,0
2018-06-25 22:54,31.4,0,0,0
2018-06-25 23:00,31.4,0,0,0
2018-06-25 23:06,31.3,0,0,0
2018-06-25 23:12,31.3,0,0,0
2018-06-25 23:18,31.3,0,0,0
2018-06-25 23:24,31.3,0,0,0
2018-06-25 23:30,31.3,0,0,0
2018-06-25 23:36,31.3,0,0,0
2018-06-25 23:42,31.2,0,0,0
2018-06-25 23:48,31.2,0,0,0
2018-06-25 23:54,31.2,0,0,0
2018-06-26 00:00,31.2,0,0,0
